Player,Nation,Pos,Squad,Age,Born,MP,Min,Mn/MP,Min%,90s,Starts,Mn/Start,Compl,Subs,Mn/Sub,unSub,PPM,onG,onGA,+/-,+/-90,On-Off,onxG,onxGA,xG+/-,xG+/-90,On-Off
Max Aarons,eng ENG,DF,Bournemouth,23,2000,20,1237,62,36.2,13.7,13,85,9,7,19,5,0.8,0.88,2.48,-1.61,-1.6,-1.97,1.04,1.98,-0.93,-0.94,-1.37
Joshua Acheampong,eng ENG,DF,Chelsea,17,2006,1,6,6,0.2,0.1,0,,0,1,6,3,3,0,0,0,0,-0.37,0,6,-5,-7.7,-8.15
Tyler Adams,us USA,MF,Bournemouth,24,1999,3,121,40,3.5,1.3,1,90,1,2,16,2,2,3.08,2.31,0.77,0.74,1.13,1.62,1.15,0.46,0.43,0.51
Tosin Adarabioyo,eng ENG,DF,Fulham,25,1997,20,1617,81,47.3,18,18,90,17,2,2,2,1.4,1.56,1.39,0.17,0.17,0.62,1.53,1.56,-0.03,-0.03,0.56
Tayo Adaramola,ie IRL,"DF,MF",Crystal Palace,19,2003,0,,,,,0,,0,0,,2,,,,,,,,,,,
Elijah Adebayo,eng ENG,FW,Luton Town,25,1998,27,1419,53,41.5,15.8,16,77,5,11,16,0,0.78,1.9,2.28,-0.38,-0.38,0.83,1.41,1.8,-0.4,-0.4,0.92
Val Adedokun,ie IRL,FW,Brentford,20,2003,0,,,,,0,,0,0,,5,,,,,,,,,,,
Simon Adingra,ci CIV,FW,Brighton,21,2002,31,2222,72,65,24.7,25,83,10,6,26,1,1.19,1.38,1.54,-0.16,-0.16,0.06,1.37,1.45,-0.08,-0.08,-0.34
Adrián,es ESP,GK,Liverpool,36,1987,0,,,,,0,,0,0,,15,,,,,,,,,,,
Nayef Aguerd,ma MAR,DF,West Ham,27,1996,21,1857,88,54.3,20.6,21,88,19,0,,4,1.19,1.26,2.14,-0.87,-0.87,-1.1,1.21,1.85,-0.64,-0.64,-0.32
Brandon Aguilera,cr CRC,FW,Nott'ham Forest,20,2003,1,5,5,0.1,0.1,0,,0,1,5,3,0,0,0,0,0,0.47,0,0,0,0,0.09
Naouirou Ahamada,fr FRA,"MF,FW",Crystal Palace,21,2002,20,349,17,10.2,3.9,0,,0,20,17,14,0.85,3.33,3.59,-0.26,-0.26,-0.26,2.56,2.21,0.36,0.35,0.49
Anel Ahmedhodžić,ba BIH,DF,Sheffield Utd,24,1999,31,2649,85,77.5,29.4,29,89,27,2,34,0,0.35,0.95,3.03,-2.07,-2.07,-1.14,1.09,2.09,-1,-1,0.02
Ola Aina,ng NGA,DF,Nott'ham Forest,26,1996,22,1692,77,49.5,18.8,20,84,9,2,5,3,1,1.44,2.07,-0.64,-0.64,-0.33,1.23,1.52,-0.29,-0.29,-0.39
Rayan Aït-Nouri,dz ALG,"DF,MF",Wolves,22,2001,33,2329,71,68.1,25.9,29,76,10,4,30,0,1.21,1.39,1.66,-0.27,-0.27,0.39,1.27,1.76,-0.49,-0.49,0.19
Kristoffer Ajer,no NOR,DF,Brentford,25,1998,28,1832,65,53.6,20.4,21,84,13,7,11,1,1.14,1.37,1.62,-0.25,-0.25,-0.02,1.59,1.45,0.14,0.14,0.18
Manuel Akanji,ch SUI,"DF,MF",Manchester City,28,1995,30,2511,84,73.4,27.9,28,88,25,2,23,4,2.4,2.58,0.82,1.76,1.76,0.47,2.05,0.96,1.09,1.09,-0.35
Nathan Aké,nl NED,DF,Manchester City,28,1995,29,2042,70,59.7,22.7,24,83,19,5,12,6,2.38,2.42,0.88,1.54,1.54,-0.22,1.93,0.95,0.98,0.98,-0.51
Thiago Alcántara,es ESP,MF,Liverpool,32,1991,1,6,6,0.2,0.1,0,,0,1,6,0,0,0,10,-10,-15,-16.21,0,0,0,-0.62,-1.73
Trent Alexander-Arnold,eng ENG,DF,Liverpool,24,1998,28,2155,77,63,23.9,25,83,14,3,28,0,2,2.22,1.17,1.05,1.04,-0.38,2.28,1.19,1.09,1.09,-0.05
Alisson,br BRA,GK,Liverpool,30,1992,28,2520,90,73.7,28,28,90,28,0,,0,2,2.14,1.07,1.07,1.07,-0.43,2.22,1.26,0.95,0.95,-0.58
Miguel Almirón,py PAR,FW,Newcastle Utd,29,1994,33,1937,59,56.6,21.5,23,74,5,10,23,0,1.52,1.86,1.86,0,0,-1.4,1.82,1.74,0.08,0.08,-0.7
Edson Álvarez,mx MEX,MF,West Ham,25,1997,31,2377,77,69.5,26.4,28,82,18,3,25,1,1.48,1.52,1.7,-0.19,-0.19,0.59,1.34,1.86,-0.52,-0.52,-0.07
Julián Álvarez,ar ARG,"MF,FW",Manchester City,23,2000,36,2647,74,77.4,29.4,31,83,15,5,13,2,2.42,2.59,0.82,1.77,1.77,0.6,2.09,0.88,1.21,1.21,0.11
Steven Alzate,co COL,MF,Brighton,24,1998,0,,,,,0,,0,0,,1,,,,,,,,,,,
Harry Amass,eng ENG,"DF,MF",Manchester Utd,16,2007,0,,,,,0,,0,0,,6,,,,,,,,,,,
Zeki Amdouni,ch SUI,FW,Burnley,22,2000,34,1953,57,57.1,21.7,27,69,2,7,14,4,0.62,0.92,1.89,-0.97,-0.97,0.01,0.9,1.67,-0.77,-0.77,0.03
Jordan Amissah,gh GHA,GK,Sheffield Utd,21,2001,0,,,,,0,,0,0,,6,,,,,,,,,,,
Sofyan Amrabat,ma MAR,"MF,DF",Manchester Utd,26,1996,21,938,45,27.4,10.4,10,83,6,11,10,8,1.71,0.77,1.44,-0.67,-0.67,-0.89,1.38,1.84,-0.45,-0.45,-0.17
Joseph Anang,gh GHA,GK,West Ham,23,2000,0,,,,,0,,0,0,,7,,,,,,,,,,,
Joachim Andersen,dk DEN,DF,Crystal Palace,27,1996,38,3415,90,99.9,37.9,38,90,36,0,,0,1.29,1.5,1.53,-0.03,-0.03,-0.03,1.28,1.37,-0.09,-0.09,-0.09
Elliot Anderson,eng ENG,"MF,FW",Newcastle Utd,20,2002,21,1027,49,30,11.4,10,80,3,11,21,0,1.86,2.63,1.23,1.4,1.4,1.14,2.27,1.07,1.2,1.2,1.17
Vincent Angelini,sct SCO,GK,Brentford,19,2003,0,,,,,0,,0,0,,2,,,,,,,,,,,
Jaidon Anthony,eng ENG,FW,Bournemouth,23,1999,3,152,51,4.4,1.7,2,61,0,1,31,0,0.33,0.59,2.94,-2.35,-2.37,-2.12,0.35,2.59,-2.24,-2.27,-2.31
Michail Antonio,jm JAM,FW,West Ham,33,1990,26,1695,65,49.6,18.8,21,75,2,5,26,0,1.27,1.76,1.81,-0.05,-0.05,0.63,1.44,1.87,-0.43,-0.42,0.14
Antony,br BRA,FW,Manchester Utd,23,2000,29,1324,46,38.7,14.7,15,73,3,14,16,4,1.41,1.36,1.77,-0.41,-0.41,-0.62,1.73,1.73,0.01,0.01,0.55
Oliver Arblaster,eng ENG,MF,Sheffield Utd,19,2004,12,943,79,27.6,10.5,11,83,7,1,27,2,0.25,1.24,2.67,-1.43,-1.43,0.53,1.33,1.92,-0.59,-0.59,0.57
Cameron Archer,eng ENG,"FW,MF",Sheffield Utd,22,2001,29,1832,63,53.6,20.4,21,80,9,8,19,0,0.48,1.08,2.45,-1.37,-1.38,0.95,1.16,2.04,-0.88,-0.88,0.27
Cameron Archer,eng ENG,MF,Aston Villa,22,2001,1,6,6,0.2,0.1,0,,0,1,6,1,3,0,0,0,0,-0.4,0,0,0,0,-0.09
Alphonse Areola,fr FRA,GK,West Ham,30,1993,31,2699,87,78.9,30,31,87,28,0,,2,1.35,1.63,1.77,-0.13,-0.13,1.11,1.39,1.81,-0.42,-0.42,0.34
Benjamin Arthur,eng ENG,DF,Brentford,17,2005,0,,,,,0,,0,0,,1,,,,,,,,,,,
Lorenz Assignon,tg TOG,DF,Burnley,23,2000,15,1234,82,36.1,13.7,15,82,10,0,,0,0.73,1.02,2.19,-1.17,-1.17,-0.3,1.27,2.09,-0.82,-0.83,-0.07
Bigo Atom,de GER,DF,Brighton,18,2005,0,,,,,0,,0,0,,1,,,,,,,,,,,
Serge Aurier,ci CIV,"DF,MF",Nott'ham Forest,30,1992,12,833,69,24.4,9.3,10,80,6,2,18,1,1,0.97,1.61,-0.65,-0.65,-0.23,1.09,1.52,-0.43,-0.43,-0.45
Brandon Austin,eng ENG,GK,Tottenham,24,1999,0,,,,,0,,0,0,,18,,,,,,,,,,,
Taiwo Awoniyi,ng NGA,FW,Nott'ham Forest,25,1997,20,1042,52,30.5,11.6,12,74,1,8,19,0,1.05,1.47,1.81,-0.34,-0.35,0.18,1.13,1.4,-0.26,-0.26,-0.25
Jordan Ayew,gh GHA,"FW,MF",Crystal Palace,31,1991,35,2543,73,74.4,28.3,30,82,17,5,19,1,1.29,1.17,1.31,-0.14,-0.14,-0.45,1.12,1.24,-0.12,-0.12,-0.12
Benoît Badiashile,fr FRA,DF,Chelsea,22,2001,18,1338,74,39.1,14.9,15,88,13,3,7,7,1.67,2.08,2.08,0,0,-0.61,2.08,1.72,0.36,0.36,-0.13
Leon Bailey,jm JAM,"MF,FW",Aston Villa,25,1997,35,2068,59,60.5,23,22,76,3,13,31,1,1.77,2.3,1.39,0.91,0.91,1.31,1.87,1.56,0.31,0.31,0.56
Stefan Bajcetic,es ESP,MF,Liverpool,18,2004,1,26,26,0.8,0.3,0,,0,1,26,6,3,0,6.67,-6.67,-6.92,-8.17,2.67,3,-0.67,-0.58,-1.7
Ellery Balcombe,eng ENG,GK,Brentford,23,1999,0,,,,,0,,0,0,,3,,,,,,,,,,,
George Baldock,gr GRE,DF,Sheffield Utd,30,1993,13,969,75,28.3,10.8,11,82,9,2,33,1,0.54,1.02,1.94,-0.93,-0.93,1.24,0.86,2.02,-1.16,-1.16,-0.21
Carlos Baleba,cm CMR,MF,Brighton,19,2004,27,1325,49,38.7,14.7,15,78,7,12,13,7,1.07,0.95,1.9,-0.95,-0.95,-1.25,1.09,1.6,-0.51,-0.51,-0.89
Fodé Ballo-Touré,sn SEN,"DF,MF",Fulham,26,1997,6,71,12,2.1,0.8,0,,0,6,12,16,2,2.5,1.25,1.25,1.27,1.46,2.37,1.38,1,0.98,1.32
Mauro Bandeira,pt POR,MF,Arsenal,19,2003,0,,,,,0,,0,0,,2,,,,,,,,,,,
Shandon Baptiste,gd GRN,MF,Brentford,25,1998,10,229,23,6.7,2.5,2,66,0,8,12,11,1,1.2,2,-0.8,-0.79,-0.59,1.92,1.2,0.72,0.69,0.68
Valentín Barco,ar ARG,"DF,FW",Brighton,19,2004,6,307,51,9,3.4,3,87,2,3,16,4,0.5,0.29,2.65,-2.35,-2.35,-2.37,1.26,1.44,-0.21,-0.19,-0.25
Ross Barkley,eng ENG,MF,Luton Town,29,1993,32,2618,82,76.5,29.1,30,86,24,2,15,0,0.69,1.48,2.27,-0.79,-0.79,0.33,1.08,2.04,-0.96,-0.96,-0.1
Harvey Barnes,eng ENG,"FW,MF",Newcastle Utd,25,1997,21,802,38,23.5,8.9,7,67,1,14,24,0,1.76,2.7,1.12,1.57,1.57,1.26,2.21,1.13,1.08,1.07,0.9
Ty Barnett,eng ENG,MF,Wolves,18,2005,0,,,,,0,,0,0,,6,,,,,,,,,,,
Luca Barrington,eng ENG,"FW,MF",Brighton,18,2004,0,,,,,0,,0,0,,2,,,,,,,,,,,
Chris Basham,eng ENG,"DF,MF",Sheffield Utd,35,1988,8,321,40,9.4,3.6,3,68,1,5,24,0,0.13,0.56,1.67,-1.11,-1.12,0.77,0.94,2.03,-1.11,-1.11,-0.11
Calvin Bassey,ng NGA,DF,Fulham,23,1999,29,2303,79,67.3,25.6,25,90,24,4,15,4,1.31,1.72,1.64,0.08,0.08,0.72,1.42,1.55,-0.13,-0.12,0.6
Altay Bayındır,tr TUR,GK,Manchester Utd,25,1998,0,,,,,0,,0,0,,33,,,,,,,,,,,
Eddie Beach,wls WAL,GK,Chelsea,19,2003,0,,,,,0,,0,0,,2,,,,,,,,,,,
Owen Beck,wls WAL,DF,Liverpool,20,2002,1,8,8,0.2,0.1,0,,0,1,8,0,3,10,0,10,11.25,10.09,3,9,-6,-6.87,-7.99
Donny van de Beek,nl NED,DF,Manchester Utd,26,1997,1,3,3,0.1,0,0,,0,1,3,11,0,0,0,0,0,0.03,0.2,0,0.2,5.54,5.87
Amari'i Bell,jm JAM,DF,Luton Town,29,1994,21,1720,82,50.3,19.1,21,82,18,0,,0,0.86,1.57,2.15,-0.58,-0.58,0.59,1.29,1.99,-0.71,-0.71,0.46
Jean-Ricner Bellegarde,ht HAI,"MF,FW",Wolves,25,1998,22,958,44,28,10.6,10,61,1,12,29,0,1.23,0.66,2.17,-1.51,-1.5,-1.54,0.93,2.19,-1.25,-1.24,-0.96
Anis Ben Slimane,tn TUN,MF,Sheffield Utd,22,2001,15,419,28,12.3,4.7,4,61,0,11,16,13,0.33,0.43,2.98,-2.55,-2.58,-0.87,0.51,2.09,-1.57,-1.59,-0.66
Rhys Bennett,eng ENG,DF,Manchester Utd,19,2003,0,,,,,0,,0,0,,1,,,,,,,,,,,
Saïd Benrahma,dz ALG,"FW,MF",West Ham,27,1995,13,620,48,18.1,6.9,5,73,1,8,32,7,1.62,1.74,1.16,0.58,0.58,1.16,1.46,1.88,-0.42,-0.43,0.08
Rodrigo Bentancur,uy URU,MF,Tottenham,26,1997,23,1005,44,29.4,11.2,13,59,1,10,24,0,1.43,1.52,2.23,-0.71,-0.72,-1.5,1.78,1.85,-0.07,-0.07,-0.28
Daniel Bentley,eng ENG,GK,Wolves,30,1993,5,383,77,11.2,4.3,3,90,3,2,57,33,0.6,0.7,1.63,-0.93,-0.94,-0.61,0.98,1.77,-0.79,-0.79,-0.26
Jóhann Berg Guðmundsson,is ISL,"MF,FW",Burnley,32,1990,26,1192,46,34.9,13.2,12,68,1,14,27,5,0.5,1.52,1.89,-0.38,-0.38,0.92,1.12,1.59,-0.47,-0.47,0.48
Sander Berge,no NOR,MF,Burnley,25,1998,37,3005,81,87.9,33.4,34,86,28,3,26,0,0.62,1.08,2.07,-0.99,-0.99,-0.12,1.08,1.9,-0.82,-0.82,-0.33
Lucas Bergström,fi FIN,GK,Chelsea,20,2002,0,,,,,0,,0,0,,15,,,,,,,,,,,
Luke Berry,eng ENG,"MF,DF",Luton Town,31,1992,17,323,19,9.4,3.6,2,69,0,15,12,16,0.59,2.22,2.22,0,0,0.96,1.17,2.72,-1.56,-1.56,-0.69
Beto,gw GNB,FW,Everton,25,1998,30,951,32,27.8,10.6,9,72,2,21,15,2,1.2,1.51,1.89,-0.38,-0.38,-0.12,1.65,1.7,-0.05,-0.04,-0.02
Marcus Bettinelli,eng ENG,GK,Chelsea,31,1992,0,,,0,0,0,,0,0,,17,0,1,2,-1,,,,,,,
Jordan Beyer,de GER,DF,Burnley,23,2000,15,1234,82,36.1,13.7,15,82,10,0,,0,0.73,1.02,1.68,-0.66,-0.66,0.5,0.78,1.5,-0.72,-0.72,0.1
Philip Billing,dk DEN,MF,Bournemouth,27,1996,29,1398,48,40.9,15.5,13,83,6,16,20,4,1.24,1.16,2.32,-1.16,-1.16,-1.38,1.21,1.88,-0.67,-0.67,-1.04
Yves Bissouma,ml MLI,MF,Tottenham,26,1996,28,2068,74,60.5,23,26,77,8,2,28,0,1.75,1.96,1.52,0.43,0.44,0.24,1.62,1.64,-0.02,-0.02,-0.38
Billy Blacker,eng ENG,FW,Sheffield Utd,17,2006,0,,,,,0,,0,0,,1,,,,,,,,,,,
Benicio Boaitey,eng ENG,"FW,DF",Brighton,19,2004,5,40,8,1.2,0.4,0,,0,5,8,9,1,2.5,2.5,0,0,0.19,2.25,2,0.25,0.13,0.09
Oscar Bobb,no NOR,"FW,MF",Manchester City,20,2003,14,302,22,8.8,3.4,2,75,1,12,13,21,2.57,3.53,1.47,2.06,2.09,0.5,2.74,0.91,1.85,1.86,0.75
Jayden Bogle,eng ENG,DF,Sheffield Utd,23,2000,34,2788,82,81.5,31,32,84,23,2,43,1,0.44,0.94,2.55,-1.61,-1.61,1.09,1.05,1.88,-0.83,-0.83,0.94
Willy Boly,ci CIV,DF,Nott'ham Forest,32,1991,20,1438,72,42,16,18,79,11,2,10,3,1,1.06,1.44,-0.38,-0.38,0.17,1.29,1.45,-0.16,-0.16,-0.13
Sven Botman,nl NED,DF,Newcastle Utd,23,2000,17,1377,81,40.3,15.3,15,88,12,2,31,0,1.35,2.42,1.9,0.52,0.52,-0.14,1.72,2.03,-0.31,-0.31,-1.16
Jarrod Bowen,eng ENG,FW,West Ham,26,1996,34,3019,89,88.3,33.5,34,89,31,0,,0,1.44,1.58,1.88,-0.3,-0.3,0.6,1.43,1.85,-0.42,-0.42,0.58
Conor Bradley,nir NIR,DF,Liverpool,20,2003,11,753,68,22,8.4,10,73,2,1,20,8,2.36,2.14,0.83,1.31,1.31,0.17,2.23,0.87,1.35,1.35,0.32
Jarrad Branthwaite,eng ENG,DF,Everton,21,2002,35,3116,89,91.1,34.6,35,89,34,0,,2,1.29,1.1,1.27,-0.17,-0.17,1.31,1.42,1.42,0,0,0.37
Ben Brereton,cl CHI,"FW,MF",Sheffield Utd,24,1999,14,1105,79,32.3,12.3,14,79,8,0,,1,0.29,1.3,3.01,-1.71,-1.71,0.16,1.33,1.93,-0.59,-0.59,0.62
Rhian Brewster,eng ENG,"FW,MF",Sheffield Utd,23,2000,13,346,27,10.1,3.8,3,61,0,10,16,1,0.54,0,2.11,-2.11,-2.08,-0.29,0.45,1.89,-1.42,-1.42,-0.46
Ethan Brierley,eng ENG,MF,Brentford,19,2003,0,,,,,0,,0,0,,13,,,,,,,,,,,
Armando Broja,al ALB,FW,Chelsea,21,2001,13,454,35,13.3,5,6,60,0,7,14,1,1.69,1.6,1,0.6,0.59,0.26,2.1,1.14,0.98,0.97,0.61
Armando Broja,al ALB,FW,Fulham,21,2001,8,88,11,2.6,1,0,,0,8,11,4,1.38,2,4,-2,-2.05,-1.94,2.3,2.8,-0.5,-0.53,-0.21
Joshua Brooking,eng ENG,DF,Chelsea,20,2002,0,,,,,0,,0,0,,1,,,,,,,,,,,
Andre Brooks,eng ENG,"MF,DF",Sheffield Utd,19,2003,20,938,47,27.4,10.4,12,62,0,8,24,11,0.25,0.48,2.79,-2.31,-2.3,-0.67,0.9,1.85,-0.94,-0.94,0.1
David Brooks,wls WAL,"FW,MF",Bournemouth,26,1997,13,282,22,8.2,3.1,2,65,0,11,14,7,0.92,1.61,2.26,-0.65,-0.64,-0.32,1.81,1.97,-0.16,-0.16,-0.11
Jacob Brown,sct SCO,"MF,FW",Luton Town,25,1998,19,1019,54,29.8,11.3,12,73,4,7,21,2,0.84,1.42,2.3,-0.88,-0.88,-0.02,0.98,2.34,-1.35,-1.36,-0.6
Josh Brownhill,eng ENG,MF,Burnley,27,1995,33,2252,68,65.8,25,23,87,18,10,26,4,0.67,1.08,2.12,-1.04,-1.04,-0.19,1.02,1.76,-0.74,-0.74,0.12
Jacob Bruun Larsen,dk DEN,"MF,FW",Burnley,24,1998,32,1249,39,36.5,13.9,16,64,0,16,14,5,0.69,1.08,1.65,-0.58,-0.58,0.63,1.38,1.75,-0.37,-0.37,0.64
Hugo Bueno,es ESP,"DF,MF",Wolves,20,2002,22,741,34,21.7,8.2,7,76,1,15,14,11,1.14,0.85,1.95,-1.1,-1.09,-0.89,0.95,1.65,-0.7,-0.7,-0.18
Santiago Bueno,uy URU,DF,Wolves,24,1998,12,822,69,24,9.1,9,84,7,3,21,18,0.92,1.32,1.98,-0.66,-0.66,-0.35,1.08,2.22,-1.13,-1.13,-0.76
Facundo Buonanotte,ar ARG,"FW,MF",Brighton,18,2004,27,1364,51,39.9,15.2,17,65,1,10,25,6,1.19,1.18,1.25,-0.07,-0.07,0.2,1.53,1.39,0.14,0.14,0.17
Reece Burke,eng ENG,DF,Luton Town,26,1996,22,1660,75,48.5,18.4,20,79,12,2,41,3,0.68,1.3,2.01,-0.71,-0.7,0.32,1.18,1.98,-0.8,-0.8,0.26
Dan Burn,eng ENG,DF,Newcastle Utd,31,1992,33,2726,83,79.7,30.3,32,85,24,1,18,0,1.64,2.44,1.49,0.96,0.96,1.74,2.08,1.48,0.59,0.6,1.04
Mason Burstow,eng ENG,FW,Chelsea,19,2003,2,9,5,0.3,0.1,0,,0,2,5,1,1.5,0,10,-10,-10,-10.4,1,9,-8,-7.71,-8.16
Jili Buyabu,eng ENG,MF,Sheffield Utd,21,2001,0,,,,,0,,0,0,,2,,,,,,,,,,,
Moisés Caicedo,ec ECU,MF,Chelsea,21,2001,35,2866,82,83.8,31.8,33,85,23,2,26,0,1.74,2.11,1.57,0.53,0.53,1.02,1.91,1.46,0.46,0.46,0.15
Tom Cairney,sct SCO,MF,Fulham,32,1991,34,1488,44,43.5,16.5,14,77,6,20,21,4,1.18,1.76,1.64,0.12,0.12,0.49,1.57,1.74,-0.17,-0.17,0.26
Dominic Calvert-Lewin,eng ENG,FW,Everton,26,1997,32,2171,68,63.5,24.1,26,78,4,6,26,0,1.28,1.08,1.12,-0.04,-0.04,0.68,1.34,1.29,0.05,0.05,0.23
Allan Campbell,sct SCO,MF,Luton Town,25,1998,0,,,,,0,,0,0,,1,,,,,,,,,,,
Elijah Campbell,eng ENG,DF,Everton,18,2004,0,,,,,0,,0,0,,1,,,,,,,,,,,
Thomas Cannon,ie IRL,FW,Everton,20,2002,1,1,1,0,0,0,,0,1,1,2,0,0,0,0,0,0.29,0,0.2,-0.2,-19.26,-19.24
Diego Carlos,br BRA,DF,Aston Villa,30,1993,27,1816,67,53.1,20.2,20,86,18,7,15,5,1.56,1.73,1.78,-0.05,-0.05,-0.95,1.55,1.67,-0.12,-0.12,-0.44
Álvaro Carreras,es ESP,"DF,MF",Manchester Utd,20,2003,0,,,,,0,,0,0,,1,,,,,,,,,,,
Scott Carson,eng ENG,GK,Manchester City,37,1985,0,,,,,0,,0,0,,13,,,,,,,,,,,
Cesare Casadei,it ITA,"FW,MF",Chelsea,20,2003,11,79,7,2.3,0.9,0,,0,11,7,6,1.91,2.22,3.33,-1.11,-1.14,-1.54,1.67,3.89,-2.11,-2.21,-2.71
Casemiro,br BRA,"MF,DF",Manchester Utd,31,1992,25,1982,79,58,22,24,82,18,1,11,1,1.6,1.64,1.55,0.09,0.09,0.28,1.51,1.83,-0.33,-0.33,0
Kaelan Casey,eng ENG,DF,West Ham,18,2004,1,1,1,0,0,0,,0,1,1,7,3,0,0,0,0,0.37,0.7,0,0.7,59.11,59.62
Matty Cash,pl POL,DF,Aston Villa,25,1997,29,2142,74,62.6,23.8,23,84,16,6,34,2,1.86,2.06,1.51,0.55,0.55,0.41,1.73,1.54,0.19,0.19,0.28
Timothy Castagne,be BEL,DF,Fulham,27,1995,34,2634,77,77,29.3,29,88,25,5,16,1,1.26,1.4,1.37,0.03,0.03,0.84,1.39,1.39,0,0,1.4
Leo Castledine,eng ENG,MF,Chelsea,17,2005,0,,,,,0,,0,0,,4,,,,,,,,,,,
Jonny Castro,es ESP,MF,Wolves,29,1994,1,5,5,0.1,0.1,0,,0,1,5,7,3,0,0,0,0,0.4,0,1,-1,-1.27,-0.72
Trevoh Chalobah,eng ENG,DF,Chelsea,24,1999,13,952,73,27.8,10.6,10,89,9,3,20,1,2.15,2.92,1.32,1.6,1.61,1.72,1.89,1.45,0.43,0.44,0
Calum Chambers,eng ENG,"MF,DF",Aston Villa,28,1995,5,152,30,4.4,1.7,1,67,0,4,21,26,0.8,1.76,3.53,-1.76,-1.78,-2.27,1.82,2.88,-1.06,-1.04,-1.19
Luke Chambers,eng ENG,DF,Liverpool,19,2004,0,,,,,0,,0,0,,4,,,,,,,,,,,
Ismaila Cheick Coulibaly,ml MLI,MF,Sheffield Utd,22,2000,0,,,,,0,,0,0,,1,,,,,,,,,,,
Youssef Chermiti,pt POR,FW,Everton,19,2004,18,208,12,6.1,2.3,1,89,0,17,7,18,1.33,1.3,1.74,-0.43,-0.43,-0.15,2.09,2.17,-0.09,-0.07,-0.04
Christian Chigozie,eng ENG,DF,Luton Town,16,2007,0,,,,,0,,0,0,,2,,,,,,,,,,,
Ben Chilwell,eng ENG,DF,Chelsea,26,1996,13,756,58,22.1,8.4,9,77,3,4,17,1,1.23,1.55,1.67,-0.12,-0.12,-0.63,1.76,1.45,0.31,0.3,-0.17
Tawanda Chirewa,zw ZIM,"MF,FW",Wolves,19,2003,8,145,18,4.2,1.6,1,74,0,7,10,15,0.25,0,1.25,-1.25,-1.24,-0.88,0.5,0.94,-0.44,-0.44,0.11
Leon Chiwome,eng ENG,FW,Wolves,17,2006,3,174,58,5.1,1.9,2,79,0,1,16,1,0.33,0.53,2.11,-1.58,-1.55,-1.22,1.16,1.16,-0.05,-0.04,0.54
Tahith Chong,cw CUW,"MF,FW",Luton Town,23,1999,33,1982,60,58,22,20,80,6,13,29,5,0.45,1.18,2.32,-1.14,-1.14,-0.63,1.03,2.15,-1.12,-1.12,-0.44
Samy Chouchane,tn TUN,MF,Brighton,19,2003,0,,,,,0,,0,0,,1,,,,,,,,,,,
Ryan Christie,sct SCO,MF,Bournemouth,28,1995,37,2907,79,85,32.3,35,81,18,2,29,0,1.22,1.36,1.73,-0.37,-0.37,-0.2,1.43,1.5,-0.06,-0.06,-0.03
Carney Chukwuemeka,eng ENG,"MF,FW",Chelsea,19,2003,9,227,25,6.6,2.5,2,63,0,7,15,4,1.56,2.8,2,0.8,0.79,0.45,2.16,1.84,0.32,0.32,-0.13
Bobby Clark,eng ENG,MF,Liverpool,18,2005,5,89,18,2.6,1,1,59,0,4,8,6,3,2,0,2,2.02,0.86,1.7,1.7,-0.1,-0.05,-1.19
Jordan Clark,eng ENG,MF,Luton Town,29,1993,23,1304,57,38.1,14.5,14,78,4,9,24,4,0.57,1.52,2.83,-1.31,-1.31,-0.72,1.24,2.1,-0.86,-0.86,0.13
Nathaniel Clyne,eng ENG,DF,Crystal Palace,32,1991,19,1338,70,39.1,14.9,14,87,10,5,24,18,1.53,2.08,1.07,1.01,1.01,1.7,1.44,1.4,0.04,0.04,0.21
Séamus Coleman,ie IRL,DF,Everton,34,1988,12,665,55,19.4,7.4,7,80,5,5,21,6,1.08,0.68,1.35,-0.68,-0.68,-0.48,1.51,1.43,0.08,0.08,0.14
Nathan Collins,ie IRL,DF,Brentford,22,2001,32,2652,83,77.5,29.5,29,90,28,3,18,1,1.13,1.59,1.73,-0.14,-0.14,0.45,1.61,1.42,0.19,0.19,0.58
Toby Collyer,eng ENG,MF,Manchester Utd,19,2004,0,,,,,0,,0,0,,7,,,,,,,,,,,
Levi Colwill,eng ENG,DF,Chelsea,20,2003,23,1797,78,52.5,20,20,84,15,3,37,4,1.52,1.45,1.3,0.15,0.15,-0.46,1.79,1.39,0.4,0.41,-0.06
Lewis Cook,eng ENG,MF,Bournemouth,26,1997,33,2786,84,81.5,31,32,86,26,1,45,0,1.24,1.39,1.61,-0.23,-0.23,0.63,1.49,1.48,0.01,0.01,0.36
Jack Cork,eng ENG,MF,Burnley,34,1989,4,27,7,0.8,0.3,0,,0,4,7,18,0.25,3.33,0,3.33,3.33,4.34,2.33,0.33,2,1.89,2.69
Maxwel Cornet,ci CIV,"MF,FW",West Ham,26,1996,7,112,16,3.3,1.2,1,69,0,6,7,21,0.43,1.67,2.5,-0.83,-0.8,-0.45,1.08,2.58,-1.5,-1.44,-0.98
Vladimír Coufal,cz CZE,DF,West Ham,30,1992,36,3132,87,91.6,34.8,36,87,28,0,,0,1.39,1.64,1.98,-0.34,-0.34,0.28,1.39,1.84,-0.45,-0.44,0.58
Philippe Coutinho,br BRA,"MF,FW",Aston Villa,31,1992,2,25,13,0.7,0.3,0,,0,2,13,0,1.5,3.33,3.33,0,0,-0.4,3,2,1,1.16,1.08
Conor Coventry,ie IRL,MF,West Ham,23,2000,0,,,,,0,,0,0,,2,,,,,,,,,,,
William Crellin,eng ENG,GK,Everton,23,2000,0,,,,,0,,0,0,,1,,,,,,,,,,,
Aaron Cresswell,eng ENG,"DF,FW",West Ham,33,1989,11,436,40,12.7,4.8,4,77,2,7,18,21,1,1.25,2.29,-1.04,-1.03,-0.76,1.38,1.17,0.19,0.19,0.79
Marc Cucurella,es ESP,DF,Chelsea,25,1998,21,1782,85,52.1,19.8,20,87,16,1,45,6,1.81,2.53,1.67,0.86,0.86,1.02,2.01,1.58,0.43,0.43,-0.01
Josh Cullen,ie IRL,MF,Burnley,27,1996,25,2057,82,60.1,22.9,23,87,18,2,30,8,0.64,1.09,2.1,-1,-1.01,-0.08,1.13,1.99,-0.86,-0.87,-0.21
Matheus Cunha,br BRA,"FW,MF",Wolves,24,1999,32,2440,76,71.3,27.1,29,81,12,3,29,0,1.16,1.48,1.7,-0.22,-0.22,0.61,1.25,1.8,-0.55,-0.55,0
Ted Curd,eng ENG,GK,Chelsea,17,2006,0,,,,,0,,0,0,,1,,,,,,,,,,,
Sam Curtis,ie IRL,DF,Sheffield Utd,17,2005,1,28,28,0.8,0.3,0,,0,1,28,8,0,0,0,0,0,1.83,1.33,1.33,0,-0.03,0.99
Michael DaCosta,es ESP,FW,Bournemouth,18,2005,0,,,,,0,,0,0,,4,,,,,,,,,,,
Mahmoud Dahoud,de GER,MF,Brighton,27,1996,9,452,50,13.2,5,6,68,0,3,16,8,2.11,2,1,1,1,1.36,1.58,0.82,0.76,0.76,0.83
Ameen Al-Dakhil,be BEL,DF,Burnley,21,2002,13,1056,81,30.9,11.7,12,86,11,1,21,2,0.38,0.85,2.22,-1.37,-1.36,-0.56,0.92,1.74,-0.81,-0.81,-0.04
Diogo Dalot,pt POR,DF,Manchester Utd,24,1999,36,3174,88,92.8,35.3,35,90,34,1,25,1,1.58,1.59,1.56,0.03,0.03,0.76,1.46,1.82,-0.36,-0.36,-0.47
Mikkel Damsgaard,dk DEN,MF,Brentford,23,2000,23,842,37,24.6,9.4,7,75,0,16,20,3,0.87,1.81,0.96,0.85,0.86,1.45,1.52,1.12,0.4,0.41,0.47
Danilo,br BRA,MF,Nott'ham Forest,22,2001,29,1792,62,52.4,19.9,20,80,7,9,20,2,1.03,1.56,2.11,-0.55,-0.55,-0.17,1.53,1.42,0.11,0.11,0.42
Arnaut Danjuma,nl NED,"MF,FW",Everton,26,1997,14,595,43,17.4,6.6,5,84,2,9,19,14,0.43,0.45,1.52,-1.06,-1.06,-0.93,1.3,1.48,-0.18,-0.18,-0.18
Jayden Danns,eng ENG,FW,Liverpool,17,2006,2,9,5,0.3,0.1,0,,0,2,5,4,3,20,0,20,20,18.87,6,1,5,4.56,3.47
Josh Dasilva,eng ENG,"DF,FW",Brentford,24,1998,3,24,8,0.7,0.3,0,,0,3,8,1,2,0,0,0,0,0.24,0.67,0.33,0.33,0.32,0.27
David Datro Fofana,ci CIV,FW,Burnley,20,2002,15,879,59,25.7,9.8,10,80,5,5,15,1,0.73,1.02,1.84,-0.82,-0.82,0.21,1.4,1.76,-0.36,-0.36,0.57
Adam Davies,wls WAL,GK,Sheffield Utd,31,1992,0,,,,,0,,0,0,,18,,,,,,,,,,,
Ben Davies,wls WAL,DF,Tottenham,30,1993,17,1090,64,31.9,12.1,12,86,10,5,12,13,1.82,2.07,1.74,0.33,0.33,-0.02,1.83,1.8,0.02,0.02,-0.15
Tom Davies,eng ENG,MF,Sheffield Utd,25,1998,9,221,25,6.5,2.5,2,45,0,7,19,1,0.44,0.8,4.4,-3.6,-3.67,-1.98,1.2,2.84,-1.64,-1.67,-0.71
Craig Dawson,eng ENG,DF,Wolves,33,1990,25,2209,88,64.6,24.5,25,88,23,0,,2,1.4,1.35,1.55,-0.2,-0.2,0.54,1.32,1.61,-0.29,-0.29,0.75
Kevin De Bruyne,be BEL,MF,Manchester City,32,1991,18,1221,68,35.7,13.6,15,77,5,3,21,3,2.67,2.94,0.59,2.35,2.36,1.13,2.26,0.84,1.43,1.43,0.39
Bobby De Cordova-Reid,jm JAM,FW,Fulham,30,1993,33,1423,43,41.6,15.8,17,69,1,16,16,5,1.24,1.39,1.84,-0.44,-0.44,-0.49,1.19,1.77,-0.58,-0.56,-0.42
Luc De Fougerolles,ca CAN,DF,Fulham,17,2005,0,,,,,0,,0,0,,5,,,,,,,,,,,
Hannes Delcroix,ht HAI,DF,Burnley,24,1999,12,589,49,17.2,6.5,5,86,4,7,23,10,0.67,0.92,3.85,-2.92,-2.9,-2.33,0.97,2.48,-1.51,-1.5,-0.87
Leander Dendoncker,be BEL,MF,Aston Villa,28,1995,8,119,15,3.5,1.3,1,85,0,7,5,10,2.25,2.31,2.31,0,0,-0.41,2,1.31,0.77,0.72,0.66
Moussa Diaby,fr FRA,"FW,MF",Aston Villa,24,1999,38,2174,57,63.6,24.2,25,75,4,13,23,0,1.79,1.69,1.65,0.04,0.04,-0.97,1.48,1.49,0,-0.01,-0.26
Amad Diallo,ci CIV,"FW,MF",Manchester Utd,21,2002,9,390,43,11.4,4.3,3,75,0,6,28,8,1.22,2.33,1.4,0.93,0.92,1.07,1.79,1.72,0.07,0.07,0.45
Amadou Diallo,eng ENG,MF,Newcastle Utd,20,2003,1,1,1,0,0,0,,0,1,1,5,3,0,0,0,0,-0.61,0,0,0,0,-0.38
Rúben Dias,pt POR,DF,Manchester City,26,1997,30,2559,85,74.8,28.4,28,90,28,2,20,5,2.3,2.29,0.99,1.3,1.3,-1.31,2.19,0.89,1.3,1.3,0.45
Luis Díaz,co COL,FW,Liverpool,26,1997,37,2629,71,76.9,29.2,32,78,11,5,24,0,2.14,2.29,1.13,1.16,1.16,-0.09,2.26,1.21,1.05,1.05,-0.24
Matt Dibley-Dias,nz NZL,MF,Fulham,19,2004,0,,,,,0,,0,0,,1,,,,,,,,,,,
Eric Dier,eng ENG,DF,Tottenham,29,1994,4,201,50,5.9,2.2,1,90,1,3,37,8,1.5,0.45,3.64,-3.18,-3.13,-3.69,1.18,3.14,-1.95,-1.94,-2.19
Lucas Digne,fr FRA,DF,Aston Villa,30,1993,33,2410,73,70.5,26.8,27,85,18,6,19,0,1.76,2.01,1.53,0.49,0.49,0.31,1.63,1.56,0.06,0.06,-0.08
Issa Diop,fr FRA,DF,Fulham,26,1997,18,1424,79,41.6,15.8,16,88,13,2,11,3,1.28,0.76,1.58,-0.82,-0.82,-1.14,1.06,1.92,-0.86,-0.86,-0.93
Axel Disasi,fr FRA,DF,Chelsea,25,1998,31,2579,83,75.4,28.7,29,89,27,2,5,4,1.52,1.74,1.74,0,0,-1.5,1.95,1.5,0.45,0.45,0.08
Lewis Dobbin,eng ENG,MF,Everton,20,2003,12,232,19,6.8,2.6,1,65,0,11,15,16,0.92,0.77,1.15,-0.38,-0.39,-0.11,2.23,1.5,0.69,0.71,0.79
Matt Doherty,ie IRL,"DF,MF",Wolves,31,1992,30,1150,38,33.6,12.8,9,79,4,21,21,8,1.4,1.33,1.64,-0.31,-0.31,0.12,1.27,1.86,-0.58,-0.58,-0.04
Jeremy Doku,be BEL,"FW,MF",Manchester City,21,2002,29,1595,55,46.6,17.7,18,76,7,11,20,2,2.38,2.82,1.07,1.75,1.75,0.22,2.24,0.94,1.29,1.29,0.21
Nicolás Domínguez,ar ARG,"MF,FW",Nott'ham Forest,25,1998,26,1495,58,43.7,16.6,19,74,3,7,12,6,0.92,0.96,1.63,-0.66,-0.66,-0.33,1.12,1.25,-0.13,-0.13,-0.08
Jamie Donley,nir NIR,FW,Tottenham,18,2005,3,3,1,0.1,0,0,,0,3,1,10,2.33,0,1,-1,-30,-30.37,0,0.5,-0.5,-14.76,-14.9
Alfie Dorrington,eng ENG,DF,Tottenham,18,2005,0,,,,,0,,0,0,,10,,,,,,,,,,,
Abdoulaye Doucouré,ml MLI,"FW,MF",Everton,30,1993,32,2629,82,76.9,29.2,32,82,17,0,,0,1.44,1.13,1.23,-0.1,-0.1,0.81,1.38,1.43,-0.05,-0.05,-0.08
Cheick Doucouré,ml MLI,MF,Crystal Palace,23,2000,11,919,84,26.9,10.2,11,84,8,0,,1,1.27,0.88,1.18,-0.29,-0.29,-0.37,1.09,1.28,-0.2,-0.19,-0.14
Alfie Doughty,eng ENG,DF,Luton Town,23,1999,37,2925,79,85.5,32.5,34,84,18,3,22,0,0.7,1.42,2.28,-0.86,-0.86,0.05,1.17,2.03,-0.86,-0.86,0.5
Tommy Doyle,eng ENG,MF,Wolves,21,2001,26,1222,47,35.7,13.6,11,82,5,15,22,6,1.08,1.32,1.76,-0.44,-0.44,-0.07,1.3,1.64,-0.34,-0.34,0.33
Radu Drăgușin,ro ROU,DF,Tottenham,21,2002,9,429,48,12.5,4.8,4,90,4,5,14,9,1.89,2.08,1.46,0.63,0.63,0.33,2.67,1.73,0.94,0.95,0.94
Martin Dúbravka,sk SVK,GK,Newcastle Utd,34,1989,23,1985,86,58,22.1,22,90,22,1,5,14,1.48,2.17,1.9,0.27,0.27,-0.79,2.01,1.97,0.04,0.04,-0.82
Josh Duffus,eng ENG,MF,Brighton,18,2005,0,,,,,0,,0,0,,1,,,,,,,,,,,
Paul Dummett,wls WAL,DF,Newcastle Utd,31,1991,5,20,4,0.6,0.2,0,,0,5,4,24,2.6,0,5,-5,-4.5,-5.14,2,4.5,-2.5,-2.22,-2.62
Lewis Dunk,eng ENG,DF,Brighton,31,1991,33,2869,87,83.9,31.9,33,87,29,0,,0,1.3,1.54,1.63,-0.09,-0.09,0.56,1.44,1.45,-0.01,-0.01,-0.31
Jáder Durán,co COL,"FW,MF",Aston Villa,19,2003,23,475,21,13.9,5.3,3,68,1,20,14,5,1.74,2.83,2.26,0.57,0.57,0.2,1.62,2.13,-0.49,-0.5,-0.68
Kiano Dyer,eng ENG,MF,Chelsea,16,2006,0,,,,,0,,0,0,,4,,,,,,,,,,,
George Earthy,eng ENG,FW,West Ham,18,2004,3,34,11,1,0.4,0,,0,3,11,6,1,2.5,0,2.5,2.65,3.05,3,0.25,2.5,2.75,3.27
Malcolm Ebiowei,eng ENG,MF,Crystal Palace,19,2003,0,,,,,0,,0,0,,10,,,,,,,,,,,
Ederson,br BRA,GK,Manchester City,29,1993,33,2785,84,81.4,30.9,33,84,29,0,,2,2.36,2.52,0.87,1.65,1.65,0.09,2.16,0.91,1.25,1.25,0.37
Odsonne Édouard,fr FRA,"FW,MF",Crystal Palace,25,1998,30,1555,52,45.5,17.3,17,81,5,13,14,3,1.23,0.81,1.39,-0.58,-0.58,-1.01,1.13,1.19,-0.06,-0.06,0.06
John Egan,ie IRL,DF,Sheffield Utd,30,1992,6,482,80,14.1,5.4,6,80,4,0,,0,0.17,0.74,3.15,-2.41,-2.43,-0.71,0.65,2.7,-2.06,-2.06,-1.23
CJ Egan-Riley,eng ENG,DF,Burnley,20,2003,0,,,,,0,,0,0,,1,,,,,,,,,,,
Hjalmar Ekdal,se SWE,DF,Burnley,24,1998,8,437,55,12.8,4.9,5,75,0,3,21,12,0.88,0.41,1.63,-1.22,-1.24,-0.3,1.04,1.57,-0.53,-0.54,0.28
Anthony Elanga,se SWE,"FW,MF",Nott'ham Forest,21,2002,36,2433,68,71.1,27,25,86,15,11,27,0,0.97,1.48,1.74,-0.26,-0.26,0.74,1.45,1.47,-0.03,-0.03,0.22
Harvey Elliott,eng ENG,"MF,FW",Liverpool,20,2003,34,1352,40,39.5,15,11,77,4,23,22,4,2.15,2.73,0.87,1.87,1.86,1.12,2.48,1.24,1.24,1.24,0.22
Mohamed Elneny,eg EGY,MF,Arsenal,31,1992,3,28,9,0.8,0.3,0,,0,3,9,13,3,3.33,0,3.33,3.21,1.6,2.67,0.33,2.33,2.24,0.98
Emerson,br BRA,DF,Tottenham,24,1999,22,1161,53,33.9,12.9,11,86,8,11,19,16,1.64,1.71,2.4,-0.7,-0.7,-1.57,1.43,2.19,-0.76,-0.76,-1.34
Lander Emery,eng ENG,GK,Aston Villa,20,2003,0,,,,,0,,0,0,,1,,,,,,,,,,,
Yunus Emre Konak,tr TUR,MF,Brentford,17,2006,0,,,,,0,,0,0,,1,,,,,,,,,,,
Julio Enciso,py PAR,"MF,FW",Brighton,19,2004,12,475,40,13.9,5.3,5,65,0,7,22,1,1.25,1.51,2.26,-0.75,-0.76,-0.67,1.62,1.87,-0.25,-0.25,-0.33
Wataru Endo,jp JPN,MF,Liverpool,30,1993,29,1722,59,50.4,19.1,20,79,11,9,15,4,2.21,2.2,0.84,1.36,1.36,0.35,2.38,1.18,1.2,1.2,0.19
Christian Eriksen,dk DEN,MF,Manchester Utd,31,1992,22,1141,52,33.4,12.7,12,78,5,10,20,11,1.45,1.57,2.13,-0.55,-0.55,-0.79,1.51,1.58,-0.07,-0.07,0.39
Maxime Estève,fr FRA,DF,Burnley,21,2002,16,1309,82,38.3,14.5,15,84,12,1,45,0,0.75,1.24,1.93,-0.69,-0.69,0.46,1.34,1.98,-0.64,-0.64,0.23
Pervis Estupiñán,ec ECU,DF,Brighton,25,1998,19,1243,65,36.3,13.8,15,76,9,4,24,1,1.47,1.67,1.88,-0.22,-0.22,-0.05,1.57,1.87,-0.3,-0.3,-0.54
Jonny Evans,nir NIR,DF,Manchester Utd,35,1988,23,1392,61,40.7,15.5,15,85,9,8,15,3,1.65,1.35,1.55,-0.19,-0.19,-0.28,1.16,1.77,-0.61,-0.61,-0.47
Eberechi Eze,eng ENG,"MF,FW",Crystal Palace,25,1998,27,2055,76,60.1,22.8,24,83,12,3,18,0,1.56,1.8,1.23,0.57,0.57,1.49,1.41,1.36,0.06,0.06,0.36
Łukasz Fabiański,pl POL,GK,West Ham,38,1985,10,721,72,21.1,8,7,90,7,3,30,27,1.1,1.38,2.63,-1.25,-1.25,-1.11,1.34,2.1,-0.76,-0.76,-0.34
Romain Faivre,fr FRA,"MF,FW",Bournemouth,25,1998,5,41,8,1.2,0.5,0,,0,5,8,8,0.4,0,2,-2,-2.2,-1.88,1.2,0.4,1,1.01,1.08
Ansu Fati,es ESP,"MF,FW",Brighton,20,2002,19,521,27,15.2,5.8,3,50,0,16,23,5,1.26,2.24,2.07,0.17,0.17,0.42,1.76,1.21,0.55,0.56,0.61
Felipe,br BRA,DF,Nott'ham Forest,34,1989,7,375,54,11,4.2,4,75,2,3,25,5,0.75,0.95,2.62,-1.67,-1.68,-1.35,1.36,1.5,-0.14,-0.14,-0.06
Evan Ferguson,ie IRL,FW,Brighton,18,2004,27,1367,51,40,15.2,15,71,4,12,25,1,1.48,1.58,1.84,-0.26,-0.26,-0.13,1.41,1.39,0.03,0.02,-0.02
Bruno Fernandes,pt POR,"MF,FW",Manchester Utd,28,1994,35,3118,89,91.2,34.6,35,89,33,0,,0,1.69,1.59,1.5,0.09,0.09,1.28,1.55,1.83,-0.27,-0.27,0.61
Enzo Fernández,ar ARG,MF,Chelsea,22,2001,28,2209,79,64.6,24.5,26,84,18,2,16,0,1.46,1.67,1.92,-0.24,-0.24,-1.73,1.78,1.61,0.17,0.17,-0.73
John Fleck,sct SCO,"MF,DF",Sheffield Utd,31,1991,4,92,23,2.7,1,1,45,0,3,16,5,0,1,5,-4,-3.91,-2.16,1,3,-2,-1.92,-0.94
Mark Flekken,nl NED,GK,Brentford,30,1993,37,3285,89,96.1,36.5,37,89,36,0,,0,1.05,1.45,1.73,-0.27,-0.27,-0.94,1.56,1.49,0.07,0.07,0.23
Phil Foden,eng ENG,"FW,MF",Manchester City,23,2000,35,2857,82,83.5,31.7,33,85,19,2,25,2,2.34,2.37,0.85,1.51,1.51,-0.73,2.06,0.91,1.15,1.15,-0.18
Wes Foderingham,eng ENG,GK,Sheffield Utd,32,1991,30,2649,88,77.5,29.4,29,90,29,1,39,8,0.43,0.82,2.69,-1.87,-1.87,-0.23,0.99,2.12,-1.13,-1.13,-0.52
Pablo Fornals,es ESP,"MF,FW",West Ham,27,1996,15,426,28,12.5,4.7,4,78,2,11,11,6,1.67,1.28,1.91,-0.64,-0.63,-0.3,1.43,2.04,-0.6,-0.6,-0.12
Omari Forson,eng ENG,FW,Manchester Utd,19,2004,4,70,18,2,0.8,1,52,0,3,6,9,0.75,1.25,2.5,-1.25,-1.29,-1.29,1.75,1.13,0.63,0.59,0.94
Fraser Forster,eng ENG,GK,Tottenham,35,1988,0,,,,,0,,0,0,,23,,,,,,,,,,,
Lyle Foster,za RSA,"FW,MF",Burnley,22,2000,24,1899,79,55.5,21.1,22,84,10,2,24,0,0.79,1.04,2.04,-1,-1,-0.05,1.04,1.95,-0.91,-0.92,-0.3
Matheus França,br BRA,"MF,FW",Crystal Palace,19,2004,10,232,23,6.8,2.6,1,83,0,9,17,9,0.7,2.69,2.69,0,0,0.03,1.65,1.35,0.31,0.32,0.43
Aidan Francis,eng ENG,DF,Luton Town,19,2004,0,,,,,0,,0,0,,2,,,,,,,,,,,
Tyrese Francois,au AUS,MF,Fulham,23,2000,0,,,,,0,,0,0,,5,,,,,,,,,,,
Nathan Fraser,ie IRL,FW,Wolves,18,2005,7,186,27,5.4,2.1,1,76,0,6,18,13,0.57,1.9,1.43,0.48,0.48,0.93,1.33,1.57,-0.24,-0.22,0.35
Benjamin Fredrick,ng NGA,DF,Brentford,18,2005,0,,,,,0,,0,0,,2,,,,,,,,,,,
Remo Freuler,ch SUI,MF,Nott'ham Forest,31,1992,0,,,,,0,,0,0,,3,,,,,,,,,,,
Cody Gakpo,nl NED,"FW,MF",Liverpool,24,1999,35,1649,47,48.2,18.3,17,73,3,18,23,0,2.23,2.84,1.09,1.75,1.75,1.09,2.54,1.3,1.23,1.23,0.24
Conor Gallagher,eng ENG,MF,Chelsea,23,2000,37,3128,85,91.5,34.8,37,85,28,0,,0,1.7,1.98,1.58,0.4,0.4,0.4,1.95,1.43,0.52,0.52,0.99
Idrissa Gana Gueye,sn SEN,MF,Everton,33,1989,25,1884,75,55.1,20.9,24,77,12,1,45,3,1.36,1.1,1.2,-0.1,-0.1,0.43,1.47,1.37,0.1,0.1,0.29
Ben Gannon-Doak,sct SCO,FW,Liverpool,17,2005,1,14,14,0.4,0.2,0,,0,1,14,8,1,0,0,0,0,-1.19,0,0,0,0.24,-0.87
Joe Gardner,eng ENG,DF,Nott'ham Forest,18,2005,0,,,,,0,,0,0,,2,,,,,,,,,,,
Alejandro Garnacho,ar ARG,FW,Manchester Utd,19,2004,36,2565,71,75,28.5,30,82,12,6,19,2,1.5,1.54,1.37,0.18,0.18,0.81,1.47,1.78,-0.31,-0.31,0.07
James Garner,eng ENG,MF,Everton,22,2001,37,3004,81,87.8,33.4,34,86,29,3,22,0,1.22,1.08,1.41,-0.33,-0.33,-0.33,1.45,1.43,0.02,0.02,0.43
Joe Gauci,au AUS,GK,Aston Villa,23,2000,0,,,,,0,,0,0,,5,,,,,,,,,,,
Tyrique George,eng ENG,FW,Chelsea,17,2006,0,,,,,0,,0,0,,3,,,,,,,,,,,
Saman Ghoddos,ir IRN,DF,Brentford,29,1993,19,739,39,21.6,8.2,7,88,5,12,10,13,0.74,1.22,2.44,-1.22,-1.22,-1.25,1.68,1.57,0.12,0.12,0.07
Morgan Gibbs-White,eng ENG,"MF,FW",Nott'ham Forest,23,2000,37,3156,85,92.3,35.1,35,88,27,2,38,0,0.97,1.31,1.68,-0.37,-0.37,1.33,1.34,1.4,-0.05,-0.06,0.43
Bryan Gil,es ESP,"FW,MF",Tottenham,22,2001,11,209,19,6.1,2.3,2,58,0,9,10,13,1.09,1.74,4.78,-3.04,-3.01,-3.57,2.3,3.17,-0.87,-0.85,-1.04
Alfie Gilchrist,eng ENG,DF,Chelsea,19,2003,11,207,19,6.1,2.3,2,81,0,9,5,14,2.27,3.48,2.61,0.87,0.87,0.53,2.7,2.35,0.35,0.36,-0.08
Ryan Giles,eng ENG,"DF,MF",Luton Town,23,2000,11,503,46,14.7,5.6,5,81,2,6,17,9,0.64,0.89,2.5,-1.61,-1.61,-0.87,0.95,2.38,-1.45,-1.44,-0.6
Mark Gillespie,eng ENG,GK,Newcastle Utd,31,1992,0,,,,,0,,0,0,,12,,,,,,,,,,,
Billy Gilmour,sct SCO,MF,Brighton,22,2001,30,2120,71,62,23.6,24,83,13,6,22,1,1.4,1.69,1.57,0.13,0.13,0.82,1.7,1.46,0.24,0.24,0.54
Ben Godfrey,eng ENG,DF,Everton,25,1998,15,1120,75,32.7,12.4,13,86,10,2,1,23,1.07,0.97,1.05,-0.08,-0.08,0.31,1.4,1.48,-0.07,-0.07,-0.06
André Gomes,pt POR,"MF,FW",Everton,30,1993,12,508,42,14.9,5.6,3,73,1,9,32,4,0.92,1.07,1.25,-0.18,-0.18,0.13,1.11,1.46,-0.36,-0.35,-0.38
João Gomes,br BRA,MF,Wolves,22,2001,34,2649,78,77.5,29.4,32,82,18,2,7,1,1.32,1.29,1.73,-0.44,-0.44,-0.21,1.13,1.81,-0.68,-0.68,-0.56
Toti Gomes,pt POR,DF,Wolves,24,1999,35,2772,79,81.1,30.8,31,86,23,4,29,3,1.31,1.36,1.59,-0.23,-0.23,0.88,1.2,1.73,-0.52,-0.52,0.15
Joe Gomez,eng ENG,DF,Liverpool,26,1997,32,1786,56,52.2,19.8,17,85,12,15,23,4,2.22,2.37,0.96,1.41,1.41,0.47,2.37,1.36,1.01,1,-0.22
Sergio Gómez,es ESP,"FW,MF",Manchester City,22,2000,6,53,9,1.5,0.6,0,,0,6,9,26,3,5,3.33,1.67,1.7,0.07,2.83,2.5,0.33,0.3,-0.89
Enso Gonzalez,py PAR,"MF,DF",Wolves,18,2005,1,1,1,0,0,0,,0,1,1,4,0,0,0,0,0,0.39,0.1,0,0.1,5.65,6.2
Charlie Goode,eng ENG,DF,Brentford,27,1995,0,,,,,0,,0,0,,5,,,,,,,,,,,
Anthony Gordon,eng ENG,FW,Newcastle Utd,22,2001,35,2890,83,84.5,32.1,34,83,16,1,79,0,1.57,2.21,1.5,0.72,0.72,0.72,1.94,1.57,0.37,0.37,-0.11
John-Kymani Gordon,eng ENG,"FW,MF",Crystal Palace,20,2003,0,,,,,0,,0,0,,3,,,,,,,,,,,
Kaide Gordon,eng ENG,FW,Liverpool,18,2004,1,1,1,0,0,0,,0,1,1,1,3,0,0,0,0,-1.18,0,0.4,-0.4,-39.59,-40.7
Daniel Gore,eng ENG,MF,Manchester Utd,18,2004,1,1,1,0,0,0,,0,1,1,6,3,0,0,0,0,0.03,0,0,0,0,0.33
Ryan Gravenberch,nl NED,MF,Liverpool,21,2002,26,1121,43,32.8,12.5,12,68,1,14,22,5,2.23,2.24,1.36,0.88,0.88,-0.45,2.16,1.2,0.96,0.96,-0.21
Ivo Grbić,hr CRO,GK,Sheffield Utd,27,1996,9,771,86,22.5,8.6,9,86,8,0,,5,0.33,1.28,2.91,-1.63,-1.63,0.23,1.08,1.69,-0.6,-0.6,0.52
Jack Grealish,eng ENG,"FW,MF",Manchester City,27,1995,20,1009,50,29.5,11.2,10,83,7,10,18,9,2.45,2.32,1.16,1.16,1.16,-0.67,2.07,1.14,0.93,0.92,-0.37
Ben Greenwood,ie IRL,DF,Bournemouth,20,2003,0,,,,,0,,0,0,,4,,,,,,,,,,,
Harvey Griffiths,eng ENG,MF,Wolves,19,2003,0,,,,,0,,0,0,,2,,,,,,,,,,,
Pascal Groß,de GER,"MF,DF",Brighton,32,1991,36,3114,87,91.1,34.6,34,90,32,2,33,0,1.25,1.45,1.45,0,0,2.06,1.51,1.45,0.05,0.05,0.18
Marc Guéhi,eng ENG,DF,Crystal Palace,23,2000,25,2021,81,59.1,22.5,23,86,19,2,17,0,1.32,1.33,1.42,-0.09,-0.09,-0.15,1.25,1.35,-0.09,-0.09,-0.01
Bruno Guimarães,br BRA,MF,Newcastle Utd,25,1997,37,3263,88,95.4,36.3,37,88,31,0,,0,1.62,2.23,1.65,0.58,0.58,-0.57,2.04,1.58,0.46,0.46,1.63
Malo Gusto,fr FRA,DF,Chelsea,20,2003,27,1751,65,51.2,19.5,19,83,8,8,21,1,1.81,1.95,1.38,0.56,0.57,0.4,2.05,1.21,0.85,0.85,0.86
Joško Gvardiol,hr CRO,DF,Manchester City,21,2002,28,2328,83,68.1,25.9,26,87,22,2,30,7,2.5,2.63,0.89,1.74,1.74,0.34,2.22,0.96,1.26,1.26,0.25
Erling Haaland,no NOR,FW,Manchester City,23,2000,31,2552,82,74.6,28.4,29,86,20,2,25,1,2.32,2.29,0.88,1.41,1.41,-0.87,2.1,0.92,1.18,1.18,-0.02
Antwoine Hackford,eng ENG,FW,Sheffield Utd,19,2004,2,13,7,0.4,0.1,0,,0,2,7,0,0,0,10,-10,-6.92,-5.13,0,1,-1,-0.65,0.36
Lewis Hall,eng ENG,DF,Newcastle Utd,18,2004,18,781,43,22.8,8.7,8,82,3,10,13,15,1.44,2.64,1.38,1.26,1.27,0.86,2.53,1.48,1.06,1.06,0.87
Tyrese Hall,eng ENG,MF,Tottenham,17,2005,0,,,,,0,,0,0,,1,,,,,,,,,,,
Gustavo Hamer,nl NED,MF,Sheffield Utd,26,1997,36,2910,81,85.1,32.3,34,83,18,2,39,0,0.44,0.96,2.57,-1.61,-1.61,1.39,1.05,1.93,-0.88,-0.88,0.84
Micah Hamilton,eng ENG,MF,Manchester City,19,2003,0,,,,,0,,0,0,,2,,,,,,,,,,,
Owen Hampson,eng ENG,MF,Sheffield Utd,18,2004,0,,,,,0,,0,0,,1,,,,,,,,,,,
Luke Harris,wls WAL,MF,Fulham,18,2005,1,75,75,2.2,0.8,0,,0,1,75,4,0,1.25,6.25,-5,-4.8,-4.75,1.75,2.75,-1,-0.92,-0.62
Taylan Harris,eng ENG,FW,Luton Town,17,2005,0,,,,,0,,0,0,,1,,,,,,,,,,,
Jack Harrison,eng ENG,"MF,FW",Everton,26,1996,29,2214,76,64.7,24.6,25,84,17,4,31,1,1.38,1.1,1.06,0.04,0.04,0.94,1.32,1.37,-0.04,-0.04,-0.03
Ollie Harrison,eng ENG,MF,Chelsea,15,2007,0,,,,,0,,0,0,,1,,,,,,,,,,,
Daiki Hashioka,jp JPN,DF,Luton Town,24,1999,10,595,60,17.4,6.6,6,77,3,4,33,3,0.4,1.52,3.18,-1.67,-1.66,-0.96,1.14,1.89,-0.76,-0.75,0.22
Kai Havertz,de GER,"MF,FW",Arsenal,24,1999,37,2634,71,77,29.3,30,83,18,7,19,0,2.41,2.63,0.75,1.88,1.88,1.08,2.07,0.7,1.37,1.37,0.44
Travis Hearnes,no NOR,MF,Newcastle Utd,17,2005,0,,,,,0,,0,0,,1,,,,,,,,,,,
Tom Heaton,eng ENG,GK,Manchester Utd,37,1986,0,,,,,0,,0,0,,4,,,,,,,,,,,
Jan Paul van Hecke,nl NED,DF,Brighton,23,2000,28,2369,85,69.3,26.3,26,90,26,2,15,4,1.32,1.52,1.44,0.08,0.08,0.85,1.47,1.41,0.06,0.06,0.06
Hwang Hee-chan,kr KOR,"FW,MF",Wolves,27,1996,29,2119,73,62,23.5,25,80,14,4,32,0,1.31,1.49,1.57,-0.09,-0.08,0.81,1.24,1.67,-0.43,-0.43,0.32
Dean Henderson,eng ENG,GK,Manchester Utd,26,1997,0,,,,,0,,0,0,,3,,,,,,,,,,,
Dean Henderson,eng ENG,GK,Crystal Palace,26,1997,18,1620,90,47.4,18,18,90,18,0,,7,1.56,2,1.67,0.33,0.33,0.68,1.28,1.42,-0.14,-0.14,-0.1
Wayne Hennessey,wls WAL,GK,Nott'ham Forest,36,1987,0,,,,,0,,0,0,,1,,,,,,,,,,,
Rico Henry,jm JAM,DF,Brentford,26,1997,5,401,80,11.7,4.5,5,80,4,0,,0,1.2,1.78,1.11,0.67,0.67,1.03,2.18,1.13,1.04,1.05,1.12
Owen Hesketh,wls WAL,MF,Wolves,20,2002,0,,,,,0,,0,0,,1,,,,,,,,,,,
Son Heung-min,kr KOR,FW,Tottenham,31,1992,35,2934,84,85.8,32.6,34,85,19,1,29,0,1.74,1.93,1.56,0.37,0.37,0.18,1.82,1.65,0.17,0.17,0.29
Aaron Hickey,sct SCO,DF,Brentford,21,2002,9,713,79,20.8,7.9,9,79,2,0,,0,1.11,1.27,1.52,-0.25,-0.25,-0.02,1.3,1.3,0.01,0.01,-0.07
James Hill,eng ENG,DF,Bournemouth,21,2002,5,76,15,2.2,0.8,1,54,0,4,6,10,2,1.25,1.25,0,0,0.35,1.88,1.63,0.25,0.2,0.27
Jack Hinshelwood,eng ENG,DF,Brighton,18,2005,12,869,72,25.4,9.7,8,81,3,4,56,4,1.33,1.55,1.75,-0.21,-0.21,-0.03,1.69,1.49,0.2,0.2,0.22
Joseph Hodge,ie IRL,MF,Wolves,20,2002,0,,,,,0,,0,0,,9,,,,,,,,,,,
Rob Holding,eng ENG,DF,Crystal Palace,27,1995,0,,,,,0,,0,0,,10,,,,,,,,,,,
Mason Holgate,jm JAM,DF,Sheffield Utd,26,1996,10,710,71,20.8,7.9,9,76,4,1,22,2,0.5,1.39,2.78,-1.39,-1.39,0.53,1.19,1.8,-0.61,-0.61,0.5
Fletcher Holman,eng ENG,FW,Wolves,18,2004,0,,,,,0,,0,0,,3,,,,,,,,,,,
Ethan Horvath,us USA,GK,Nott'ham Forest,28,1995,0,,,,,0,,0,0,,4,,,,,,,,,,,
Justin Hubner,id IDN,DF,Wolves,19,2003,0,,,,,0,,0,0,,1,,,,,,,,,,,
Callum Hudson-Odoi,eng ENG,"FW,MF",Nott'ham Forest,22,2000,29,1854,64,54.2,20.6,20,82,9,9,24,1,0.86,1.55,1.99,-0.44,-0.44,0.08,1.57,1.37,0.2,0.2,0.63
Will Hughes,eng ENG,MF,Crystal Palace,28,1995,30,1891,63,55.3,21,23,78,8,7,15,1,1.23,1.38,1.81,-0.43,-0.43,-0.9,1.1,1.4,-0.3,-0.3,-0.47
Joe Hugill,eng ENG,FW,Manchester Utd,19,2003,0,,,,,0,,0,0,,1,,,,,,,,,,,
Bashir Humphreys,eng ENG,DF,Chelsea,20,2003,0,,,,,0,,0,0,,2,,,,,,,,,,,
Mackenzie Hunt,ae UAE,"DF,MF",Everton,21,2001,0,,,,,0,,0,0,,17,,,,,,,,,,,
Pierre Højbjerg,dk DEN,MF,Tottenham,27,1995,36,1311,36,38.3,14.6,8,83,4,28,23,2,1.81,2.12,1.92,0.21,0.21,-0.22,1.89,1.74,0.15,0.15,0.04
Rasmus Højlund,dk DEN,FW,Manchester Utd,20,2003,30,2158,72,63.1,24,25,81,8,5,26,0,1.6,1.5,1.46,0.04,0.04,0.18,1.46,1.7,-0.24,-0.24,0.23
Bradley Ibrahim,eng ENG,MF,Arsenal,18,2004,0,,,,,0,,0,0,,1,,,,,,,,,,,
Igor,br BRA,DF,Brighton,25,1998,24,1637,68,47.9,18.2,17,82,11,7,34,10,1.17,1.21,1.43,-0.22,-0.22,-0.07,1.46,1.34,0.13,0.13,0.17
Danny Ings,eng ENG,FW,West Ham,31,1992,20,404,20,11.8,4.5,3,80,1,17,10,18,0.95,1.11,2.22,-1.11,-1.11,-0.85,1.51,2.36,-0.84,-0.85,-0.4
Tim Iroegbunam,eng ENG,MF,Aston Villa,20,2003,9,164,18,4.8,1.8,1,62,0,8,13,16,1.44,1.11,3.89,-2.78,-2.74,-3.3,1.11,2.94,-1.83,-1.82,-2
Alexander Isak,se SWE,FW,Newcastle Utd,23,1999,30,2255,75,65.9,25.1,27,80,13,3,32,1,1.5,2.03,1.63,0.4,0.4,-0.61,2.04,1.72,0.32,0.32,-0.19
Alex Iwobi,ng NGA,MF,Everton,27,1996,2,140,70,4.1,1.6,2,70,1,0,,0,0,0,1.88,-1.88,-1.93,-1.71,1.81,2.06,-0.19,-0.21,-0.18
Alex Iwobi,ng NGA,"FW,MF",Fulham,27,1996,30,2192,73,64.1,24.4,25,81,9,5,34,0,1.27,1.56,1.56,0,0,0.44,1.42,1.39,0.03,0.03,0.97
Ben Jackson,eng ENG,DF,Brighton,19,2003,0,,,,,0,,0,0,,1,,,,,,,,,,,
Louis Jackson,sct SCO,DF,Manchester Utd,17,2005,0,,,,,0,,0,0,,3,,,,,,,,,,,
Nicolas Jackson,sn SEN,FW,Chelsea,22,2001,35,2799,80,81.8,31.1,31,86,17,4,31,0,1.63,2.09,1.54,0.55,0.55,0.98,2.07,1.5,0.57,0.57,0.76
Karl Jakob Hein,ee EST,GK,Arsenal,21,2002,0,,,,,0,,0,0,,5,,,,,,,,,,,
Reece James,eng ENG,DF,Chelsea,23,1999,10,419,42,12.3,4.7,5,62,0,5,21,0,1.2,1.7,2.34,-0.64,-0.64,-1.15,1.72,2.04,-0.32,-0.33,-0.87
Vitaly Janelt,de GER,"MF,DF",Brentford,25,1998,38,3054,80,89.3,33.9,37,82,16,1,18,0,1.03,1.47,1.53,-0.06,-0.06,1.66,1.5,1.41,0.09,0.09,0.31
Daniel Jebbison,ca CAN,FW,Sheffield Utd,19,2003,1,21,21,0.6,0.2,0,,0,1,21,0,0,0,0,0,0,1.83,0.5,5,-4.5,-3.85,-2.86
Mathias Jensen,dk DEN,MF,Brentford,27,1996,32,2204,69,64.4,24.5,27,77,5,5,27,0,1.09,1.51,1.84,-0.33,-0.33,-0.25,1.42,1.5,-0.09,-0.08,-0.4
Gabriel Jesus,br BRA,FW,Arsenal,26,1997,27,1478,55,43.2,16.4,17,78,4,10,16,3,2.19,1.77,0.67,1.1,1.1,-0.94,1.91,0.7,1.21,1.21,-0.1
Raúl Jiménez,mx MEX,FW,Fulham,32,1991,24,1395,58,40.8,15.5,18,71,4,6,19,5,1.25,1.61,1.68,-0.06,-0.06,0.16,1.12,1.86,-0.74,-0.74,-0.71
Kim Jisoo,kr KOR,DF,Brentford,18,2004,0,,,,,0,,0,0,,8,,,,,,,,,,,
João Pedro,br BRA,"FW,MF",Brighton,21,2001,31,2045,66,59.8,22.7,19,85,9,12,36,0,1.29,1.41,1.67,-0.26,-0.26,-0.2,1.6,1.41,0.19,0.19,0.37
Joelinton,br BRA,"MF,FW",Newcastle Utd,26,1996,20,1279,64,37.4,14.2,15,79,8,5,18,0,1.45,1.83,1.62,0.21,0.21,-0.63,1.87,1.74,0.13,0.13,-0.41
Ben Johnson,eng ENG,"DF,FW",West Ham,23,2000,14,544,39,15.9,6,4,90,4,10,18,11,1.14,0.83,2.67,-1.83,-1.82,-1.73,1.23,2.08,-0.85,-0.85,-0.42
Brennan Johnson,wls WAL,FW,Tottenham,22,2001,32,2085,65,61,23.2,23,79,8,9,31,0,1.56,2.11,1.59,0.52,0.52,0.45,1.81,1.75,0.06,0.06,-0.16
Brennan Johnson,wls WAL,"FW,MF",Nott'ham Forest,22,2001,3,237,79,6.9,2.6,3,79,0,0,,0,1,1.54,1.92,-0.38,-0.38,0.1,1.12,1.08,0.04,0.03,0.13
Joseph Johnson,eng ENG,DF,Luton Town,17,2006,2,77,39,2.3,0.9,0,,0,2,39,17,0,2.22,5.56,-3.33,-3.51,-2.7,1.67,2,-0.33,-0.37,0.58
Sam Johnstone,eng ENG,GK,Crystal Palace,30,1993,20,1796,90,52.5,20,20,90,19,0,,4,1.05,1.05,1.35,-0.3,-0.3,-0.58,1.26,1.31,-0.06,-0.05,0.07
Curtis Jones,eng ENG,MF,Liverpool,22,2001,23,1167,51,34.1,13,14,70,4,9,20,4,1.96,2.38,1.31,1.08,1.08,-0.16,2.44,1.19,1.25,1.25,0.22
Jorginho,it ITA,MF,Arsenal,31,1991,24,921,38,26.9,10.2,10,78,3,14,10,13,2.42,2.45,1.08,1.37,1.37,-0.36,2.08,0.8,1.27,1.27,0.01
Diogo Jota,pt POR,FW,Liverpool,26,1996,21,1145,55,33.5,12.7,14,71,3,7,22,1,2.29,2.68,0.79,1.89,1.89,1.06,2.24,1.1,1.14,1.14,0.05
Mads Juel Andersen,dk DEN,DF,Luton Town,25,1997,8,400,50,11.7,4.4,4,78,2,4,22,4,1.13,0.45,1.36,-0.91,-0.9,-0.04,0.8,1.66,-0.86,-0.86,0.08
Hamed Junior Traorè,ci CIV,MF,Bournemouth,23,2000,3,47,16,1.4,0.5,0,,0,3,16,7,0,0,2,-2,-1.91,-1.59,2.6,1.6,1,0.93,1
Mathias Jørgensen,dk DEN,DF,Brentford,33,1990,14,1087,78,31.8,12.1,12,90,11,2,4,23,0.57,1.32,1.98,-0.66,-0.66,-0.62,1.22,1.63,-0.4,-0.41,-0.68
Issa Kaboré,bf BFA,DF,Luton Town,22,2001,24,1729,72,50.6,19.2,21,79,13,3,24,4,0.58,1.2,2.03,-0.83,-0.83,0.07,0.95,1.92,-0.97,-0.97,-0.07
Sasa Kalajdzic,at AUT,FW,Wolves,26,1997,11,166,15,4.9,1.8,1,60,0,10,11,9,1.09,3.33,1.11,2.22,2.17,2.69,3.06,1.5,1.56,1.5,2.16
Boubacar Kamara,fr FRA,MF,Aston Villa,23,1999,20,1652,83,48.3,18.4,20,83,10,0,,0,2.05,1.96,1.2,0.76,0.76,0.71,1.69,1.34,0.35,0.35,0.5
Willy Kambwala,fr FRA,DF,Manchester Utd,18,2004,8,330,41,9.6,3.7,3,88,2,5,13,8,1,1.35,2.7,-1.35,-1.36,-1.48,0.89,2.24,-1.35,-1.37,-1.16
Thomas Kaminski,be BEL,GK,Luton Town,30,1992,38,3405,90,99.6,37.8,38,90,37,0,,0,0.68,1.38,2.25,-0.87,-0.87,-0.87,1.11,2.05,-0.94,-0.94,-0.34
Loris Karius,de GER,GK,Newcastle Utd,30,1993,1,90,90,2.6,1,1,90,1,0,,21,0,1,4,-3,-3,-3.7,0.2,2.8,-2.7,-2.69,-3.16
Leigh Kavanagh,ie IRL,DF,Brighton,19,2003,0,,,,,0,,0,0,,4,,,,,,,,,,,
Michael Keane,eng ENG,DF,Everton,30,1993,9,439,49,12.8,4.9,4,83,3,5,21,26,0.67,0.41,2.65,-2.24,-2.26,-2.26,1.14,2.08,-0.94,-0.95,-1.06
Thilo Kehrer,de GER,"DF,MF",West Ham,26,1996,4,22,6,0.6,0.2,0,,0,4,6,14,1.75,0,5,-5,-4.09,-3.75,2.5,2.5,0.5,0.29,0.79
Caoimhín Kelleher,ie IRL,GK,Liverpool,24,1998,10,900,90,26.3,10,10,90,10,0,,27,2.6,2.6,1.1,1.5,1.5,0.43,2.57,1.03,1.54,1.54,0.58
Lloyd Kelly,eng ENG,DF,Bournemouth,24,1998,23,1559,68,45.6,17.3,17,83,12,6,25,0,1.13,1.27,1.85,-0.58,-0.58,-0.43,1.41,1.45,-0.03,-0.03,0.04
Omari Kellyman,eng ENG,FW,Aston Villa,17,2005,2,37,19,1.1,0.4,0,,0,2,19,10,0,0,2.5,-2.5,-2.43,-2.86,0.25,2.25,-2.25,-2.14,-2.25
Milos Kerkez,hu HUN,DF,Bournemouth,19,2003,28,1970,70,57.6,21.9,22,83,11,6,25,3,1.14,1.14,1.69,-0.55,-0.55,-0.49,1.36,1.62,-0.26,-0.26,-0.47
Kaine Kesler-Hayden,eng ENG,"MF,DF",Aston Villa,20,2002,3,6,2,0.2,0.1,0,,0,3,2,14,2,0,0,0,0,-0.4,0,1,-1,-1.66,-1.75
Gavin Kilkenny,ie IRL,MF,Bournemouth,23,2000,0,,,,,0,,0,0,,7,,,,,,,,,,,
Max Kilman,eng ENG,DF,Wolves,26,1997,38,3420,90,100,38,38,90,38,0,,0,1.21,1.32,1.71,-0.39,-0.39,,1.23,1.78,-0.55,-0.55,
Joshua King,eng ENG,MF,Fulham,16,2007,0,,,,,0,,0,0,,2,,,,,,,,,,,
Tom King,wls WAL,GK,Wolves,28,1995,0,,,,,0,,0,0,,4,,,,,,,,,,,
Jakub Kiwior,pl POL,DF,Arsenal,23,2000,20,946,47,27.7,10.5,11,80,7,9,7,18,2.65,3.71,0.76,2.95,2.95,1.82,2.36,0.51,1.85,1.85,0.8
Justin Kluivert,nl NED,"MF,FW",Bournemouth,24,1999,32,1916,60,56,21.3,26,68,0,6,24,6,1.22,1.36,1.08,0.28,0.28,1.42,1.57,1.35,0.23,0.23,0.65
Luca Koleosho,it ITA,"MF,FW",Burnley,18,2004,15,974,65,28.5,10.8,13,69,0,2,38,0,0.47,1.02,2.13,-1.11,-1.11,-0.19,0.83,1.43,-0.6,-0.6,0.26
Ibrahima Konaté,fr FRA,DF,Liverpool,24,1999,22,1574,72,46,17.5,17,87,14,5,20,11,2,2.17,1.03,1.14,1.14,-0.08,2.36,1.25,1.11,1.11,0.01
Ezri Konsa,eng ENG,DF,Aston Villa,25,1997,35,3069,88,89.7,34.1,35,88,30,0,,0,1.77,1.99,1.58,0.41,0.41,0.15,1.62,1.53,0.09,0.08,-0.05
Lewis Koumas,wls WAL,"FW,MF",Liverpool,17,2005,0,,,,,0,,0,0,,3,,,,,,,,,,,
Cheikhou Kouyaté,sn SEN,MF,Nott'ham Forest,33,1989,12,212,18,6.2,2.4,2,64,0,10,8,18,1.33,0.42,2.5,-2.08,-2.12,-1.76,0.58,2.46,-1.88,-1.91,-1.95
Mateo Kovačić,hr CRO,MF,Manchester City,29,1994,30,1551,52,45.4,17.2,16,81,7,14,18,4,2.43,2.62,0.81,1.8,1.8,0.31,2.08,0.84,1.24,1.24,0.1
Emil Krafth,se SWE,DF,Newcastle Utd,28,1994,17,913,54,26.7,10.1,8,90,8,9,21,11,1.71,2.57,1.49,1.09,1.08,0.65,2.46,1.27,1.19,1.18,1.09
Tim Krul,nl NED,GK,Luton Town,35,1988,0,,,,,0,,0,0,,37,,,,,,,,,,,
Mohammed Kudus,gh GHA,"FW,MF",West Ham,22,2000,33,2484,75,72.6,27.6,27,88,18,6,17,0,1.3,1.52,2.21,-0.69,-0.69,-1.17,1.31,1.78,-0.47,-0.47,0.09
Dejan Kulusevski,se SWE,"FW,MF",Tottenham,23,2000,36,2762,77,80.8,30.7,31,85,21,5,26,0,1.72,1.86,1.5,0.36,0.36,0.08,1.79,1.59,0.21,0.2,0.41
Levi Laing,eng ENG,DF,West Ham,20,2003,0,,,,,0,,0,0,,1,,,,,,,,,,,
Adam Lallana,eng ENG,"MF,FW",Brighton,35,1988,25,850,34,24.9,9.4,13,53,0,12,13,8,1.24,1.28,1.38,-0.11,-0.11,0.1,1.16,1.24,-0.09,-0.08,-0.16
Tariq Lamptey,gh GHA,"DF,FW",Brighton,22,2000,19,914,48,26.7,10.2,10,67,1,9,27,0,1.32,1.18,1.96,-0.78,-0.79,-0.82,1.09,1.43,-0.34,-0.35,-0.53
Aymeric Laporte,es ESP,DF,Manchester City,29,1994,1,12,12,0.4,0.1,0,,0,1,12,0,3,0,0,0,0,-1.64,1,1,1,0.57,-0.62
Yasser Larouci,dz ALG,DF,Sheffield Utd,22,2001,11,531,48,15.5,5.9,6,61,0,5,33,23,0.18,0.85,1.86,-1.02,-1.02,0.95,0.64,2.31,-1.68,-1.67,-0.78
Jamaal Lascelles,eng ENG,DF,Newcastle Utd,29,1993,16,1080,68,31.6,12,13,80,9,3,15,10,1.44,1.92,1.25,0.67,0.67,0.09,2.04,1.46,0.59,0.59,0.3
Roméo Lavia,be BEL,MF,Chelsea,19,2004,1,33,33,1,0.4,0,,0,1,33,1,3,2.5,0,2.5,2.73,2.38,4,0.75,3.25,3.63,3.23
Mario Lemina,ga GAB,MF,Wolves,29,1993,35,2968,85,86.8,33,34,86,26,1,40,0,1.14,1.3,1.67,-0.36,-0.36,0.23,1.23,1.79,-0.56,-0.56,-0.08
Noha Lemina,ga GAB,MF,Wolves,18,2005,0,,,,,0,,0,0,,5,,,,,,,,,,,
Clément Lenglet,fr FRA,DF,Aston Villa,28,1995,14,1153,82,33.7,12.8,14,82,11,0,,20,1.29,1.72,2.11,-0.39,-0.39,-1.18,1.59,1.83,-0.23,-0.23,-0.49
Bernd Leno,de GER,GK,Fulham,31,1992,38,3420,90,100,38,38,90,38,0,,0,1.24,1.45,1.61,-0.16,-0.16,,1.34,1.66,-0.32,-0.32,
Jefferson Lerma,co COL,"MF,DF",Crystal Palace,28,1994,28,2400,86,70.2,26.7,27,88,22,1,15,0,1.07,1.2,1.72,-0.52,-0.52,-1.67,1.19,1.4,-0.22,-0.22,-0.42
Rico Lewis,eng ENG,"DF,MF",Manchester City,18,2004,16,809,51,23.7,9,8,83,4,8,19,22,2.25,2.89,1,1.89,1.89,0.34,2.12,1,1.12,1.12,-0.08
Keane Lewis-Potter,eng ENG,"FW,DF",Brentford,22,2001,30,1441,48,42.1,16,15,78,2,15,18,3,0.93,1.5,1.81,-0.31,-0.31,-0.13,1.65,1.31,0.34,0.34,0.49
Myles Lewis-Skelly,eng ENG,DF,Arsenal,16,2006,0,,,,,0,,0,0,,1,,,,,,,,,,,
Victor Lindelöf,se SWE,DF,Manchester Utd,29,1994,19,1328,70,38.8,14.8,14,82,7,5,37,2,1.95,1.22,1.08,0.14,0.14,0.26,1.67,1.76,-0.09,-0.09,0.39
Valentino Livramento,eng ENG,DF,Newcastle Utd,20,2002,26,1314,51,38.4,14.6,12,84,8,14,22,7,1.73,2.12,1.85,0.27,0.27,-0.54,2.03,1.95,0.09,0.09,-0.48
Giovani Lo Celso,ar ARG,MF,Tottenham,27,1996,22,506,23,14.8,5.6,4,78,0,18,11,6,1.32,2.14,2.14,0,0,-0.4,2.25,2.23,0.02,0.02,-0.13
Tom Lockyer,wls WAL,DF,Luton Town,28,1994,14,1169,84,34.2,13,14,84,10,0,,0,0.64,0.92,1.77,-0.85,-0.85,0.03,0.98,2.08,-1.1,-1.1,-0.25
Andy Lonergan,ie IRL,GK,Everton,39,1983,0,,,,,0,,0,0,,10,,,,,,,,,,,
Sean Longstaff,eng ENG,MF,Newcastle Utd,25,1997,35,2747,78,80.3,30.5,30,88,25,5,24,0,1.54,2.43,1.64,0.79,0.79,0.92,2.03,1.65,0.38,0.38,-0.04
Max Lowe,eng ENG,"DF,MF",Sheffield Utd,26,1997,10,503,50,14.7,5.6,4,71,1,6,37,3,0.7,1.07,2.14,-1.07,-1.07,0.87,1.25,1.96,-0.71,-0.71,0.35
Douglas Luiz,br BRA,MF,Aston Villa,25,1998,35,2993,86,87.5,33.3,35,86,26,0,,0,1.69,1.95,1.71,0.24,0.24,-1.23,1.69,1.58,0.11,0.11,0.18
Jayden Luker,eng ENG,MF,Luton Town,18,2005,0,,,,,0,,0,0,,4,,,,,,,,,,,
Saša Lukić,rs SRB,MF,Fulham,26,1996,24,1122,47,32.8,12.5,13,77,5,11,12,9,1.08,1.12,1.6,-0.48,-0.48,-0.48,1.34,1.81,-0.47,-0.47,-0.23
Ian Maatsen,nl NED,"FW,MF",Chelsea,21,2002,12,209,17,6.1,2.3,1,57,0,11,14,8,1.67,0.87,2.17,-1.3,-1.29,-1.77,1.96,2.26,-0.26,-0.28,-0.76
Alexis Mac Allister,ar ARG,MF,Liverpool,24,1998,33,2599,79,76,28.9,31,83,17,2,17,0,2.15,2.15,1.18,0.97,0.97,-0.89,2.29,1.21,1.08,1.08,-0.11
James Maddison,eng ENG,MF,Tottenham,26,1996,28,2135,76,62.4,23.7,26,80,4,2,29,0,1.86,1.94,1.31,0.63,0.63,0.77,1.77,1.4,0.37,0.37,0.64
Noni Madueke,eng ENG,FW,Chelsea,21,2002,23,1053,46,30.8,11.7,13,70,2,10,14,10,1.74,2.39,1.62,0.77,0.77,0.58,2.03,1.56,0.48,0.48,0.06
Gabriel Magalhães,br BRA,DF,Arsenal,25,1997,36,3044,85,89,33.8,34,89,32,2,13,2,2.36,2.31,0.77,1.54,1.54,-0.86,1.92,0.76,1.16,1.16,-0.98
Harry Maguire,eng ENG,DF,Manchester Utd,30,1993,22,1653,75,48.3,18.4,18,88,17,4,20,3,1.68,1.79,1.58,0.22,0.22,0.47,1.66,1.96,-0.3,-0.3,0.05
Kobbie Mainoo,eng ENG,MF,Manchester Utd,18,2005,24,1924,80,56.3,21.4,24,80,7,0,,5,1.5,1.54,1.45,0.09,0.09,0.27,1.33,1.98,-0.65,-0.65,-0.74
Orel Mangala,be BEL,MF,Nott'ham Forest,25,1998,20,1563,78,45.7,17.4,19,82,10,1,4,1,0.85,0.92,1.78,-0.86,-0.86,-0.72,0.99,1.42,-0.43,-0.43,-0.62
Javier Manquillo,es ESP,DF,Newcastle Utd,29,1994,0,,,,,0,,0,0,,1,,,,,,,,,,,
Benson Manuel,ao ANG,"MF,FW",Burnley,26,1997,8,116,15,3.4,1.3,1,45,0,7,10,13,0.13,0,3.85,-3.85,-3.88,-3.01,0.38,3.31,-2.92,-3,-2.29
Solly March,eng ENG,"FW,DF",Brighton,29,1994,7,554,79,16.2,6.2,7,79,2,0,,1,1.43,2.1,1.77,0.32,0.32,0.61,1.82,1.61,0.19,0.2,0.19
Emiliano Marcondes,dk DEN,"FW,MF",Bournemouth,28,1995,0,,,,,0,,0,0,,1,,,,,,,,,,,
Filip Marschall,eng ENG,GK,Aston Villa,20,2003,0,,,,,0,,0,0,,10,,,,,,,,,,,
Louie Marsh,eng ENG,FW,Sheffield Utd,19,2003,0,,,,,0,,0,0,,4,,,,,,,,,,,
Callum Marshall,nir NIR,FW,West Ham,18,2004,0,,,,,0,,0,0,,1,,,,,,,,,,,
Anthony Martial,fr FRA,FW,Manchester Utd,27,1995,13,448,34,13.1,5,5,65,0,8,16,3,1.38,2.2,1.2,1,1,1.19,1.5,1.6,-0.08,-0.09,0.27
Gabriel Martinelli,br BRA,FW,Arsenal,22,2001,35,2019,58,59,22.4,24,74,4,11,22,0,2.34,2.32,1.03,1.29,1.29,-0.83,1.96,0.65,1.31,1.3,0.09
Emiliano Martínez,ar ARG,GK,Aston Villa,30,1992,34,3015,89,88.2,33.5,34,89,33,0,,0,1.91,2.15,1.43,0.72,0.72,2.72,1.76,1.49,0.27,0.27,1.52
Lisandro Martínez,ar ARG,DF,Manchester Utd,25,1998,11,646,59,18.9,7.2,8,74,2,3,19,0,1.82,1.67,1.67,0,0,0.03,1.53,1.6,-0.07,-0.07,0.32
Dominic Martins,pt POR,MF,Luton Town,17,2005,0,,,,,0,,0,0,,2,,,,,,,,,,,
Han-Noah Massengo,fr FRA,"MF,DF",Burnley,22,2001,3,16,5,0.5,0.2,0,,0,3,5,5,0.33,10,0,10,11.25,12.28,5.5,3.5,2,2.43,3.23
Pape Matar Sarr,sn SEN,MF,Tottenham,20,2002,34,2069,61,60.5,23,27,71,4,7,23,0,1.79,1.74,1.17,0.57,0.57,0.57,1.63,1.49,0.15,0.15,0.05
Jean-Philippe Mateta,fr FRA,FW,Crystal Palace,26,1997,35,2282,65,66.7,25.4,25,83,13,10,21,2,1.23,1.81,1.73,0.08,0.08,0.32,1.32,1.53,-0.21,-0.21,-0.35
Roshaun Mathurin,eng ENG,FW,Crystal Palace,19,2004,0,,,,,0,,0,0,,2,,,,,,,,,,,
Joël Matip,cm CMR,DF,Liverpool,31,1991,10,781,78,22.8,8.7,9,84,6,1,25,4,2.3,2.3,1.03,1.26,1.27,0.11,1.91,1.3,0.61,0.61,-0.64
Alex Matos,eng ENG,MF,Chelsea,18,2004,1,1,1,0,0,0,,0,1,1,12,3,0,0,0,0,-0.37,0,0,0,0,-0.43
Remi Matthews,eng ENG,GK,Crystal Palace,29,1994,1,4,4,0.1,0,0,,0,1,4,28,0,0,1,-1,-22.5,-22.5,0.3,0.1,0.2,5.54,5.64
Neal Maupay,fr FRA,FW,Brentford,26,1996,29,1321,46,38.6,14.7,13,83,5,16,15,2,0.97,1.63,2.38,-0.75,-0.75,-0.84,1.64,1.71,-0.07,-0.07,-0.21
Neal Maupay,fr FRA,FW,Everton,26,1996,2,111,56,3.2,1.2,1,71,0,1,40,1,0,0,1.67,-1.67,-1.62,-1.38,2.33,1.25,1.08,1.08,1.15
Konstantinos Mavropanos,gr GRE,DF,West Ham,25,1997,19,1500,79,43.9,16.7,16,88,15,3,30,10,1.32,1.62,1.62,0,0,0.66,1.42,1.76,-0.34,-0.34,0.27
Kevin Mbabu,ch SUI,"DF,MF",Fulham,28,1995,0,,,,,0,,0,0,,3,,,,,,,,,,,
Bryan Mbeumo,cm CMR,FW,Brentford,23,1999,25,1960,78,57.3,21.8,22,87,18,3,17,0,1.28,1.7,1.42,0.28,0.28,1.2,1.66,1.3,0.37,0.37,0.72
James Mcatee,eng ENG,"MF,FW",Sheffield Utd,20,2002,30,1822,61,53.3,20.2,20,78,7,10,25,2,0.5,0.94,3.22,-2.28,-2.27,-0.98,1.08,1.98,-0.89,-0.89,0.25
James Mcatee,eng ENG,MF,Manchester City,20,2002,1,1,1,0,0,0,,0,1,1,2,3,0,0,0,0,-1.63,0,0,0,3.22,2.04
John Mcatee,eng ENG,"FW,MF",Luton Town,24,1999,0,,,,,0,,0,0,,1,,,,,,,,,,,
Oliver McBurnie,sct SCO,FW,Sheffield Utd,27,1996,21,1280,61,37.4,14.2,15,75,6,6,25,3,0.29,1.41,2.82,-1.41,-1.41,0.65,1.28,1.82,-0.54,-0.53,0.76
James McConnell,eng ENG,MF,Liverpool,18,2004,3,4,1,0.1,0,0,,0,3,1,15,3,1,0,1,22.5,21.34,0.2,0,0.2,3.67,2.57
Jamie McDonnell,nir NIR,MF,Nott'ham Forest,19,2004,0,,,,,0,,0,0,,1,,,,,,,,,,,
John McGinn,sct SCO,"MF,FW",Aston Villa,28,1994,35,2999,86,87.7,33.3,35,86,24,0,,0,1.83,2.04,1.56,0.48,0.48,0.69,1.7,1.46,0.24,0.24,1.22
Callan Mckenna,sct SCO,GK,Bournemouth,16,2006,0,,,,,0,,0,0,,3,,,,,,,,,,,
Scott McKenna,sct SCO,DF,Nott'ham Forest,26,1996,5,416,83,12.2,4.6,5,83,4,0,,1,1.4,1.52,1.3,0.22,0.22,0.79,1.09,1.24,-0.15,-0.14,-0.06
Dwight McNeil,eng ENG,"MF,FW",Everton,23,1999,35,2892,83,84.6,32.1,33,86,24,2,22,0,1.37,1.15,1.21,-0.06,-0.06,1.47,1.35,1.39,-0.04,-0.04,-0.06
Scott McTominay,sct SCO,"MF,FW",Manchester Utd,26,1996,32,1901,59,55.6,21.1,18,88,16,14,23,2,1.81,1.47,1.42,0.05,0.05,0.17,1.5,1.87,-0.37,-0.37,-0.09
Ben Mee,eng ENG,DF,Brentford,33,1989,16,1272,80,37.2,14.1,15,85,11,1,1,2,0.81,1.13,1.84,-0.71,-0.71,-0.75,1.32,1.69,-0.37,-0.37,-0.68
Dermot Mee,nir NIR,GK,Manchester Utd,20,2002,0,,,,,0,,0,0,,1,,,,,,,,,,,
Hannibal Mejbri,tn TUN,"MF,FW",Manchester Utd,20,2003,5,133,27,3.9,1.5,1,90,1,4,11,9,2,1.33,0.67,0.67,0.68,0.73,0.93,2,-1.07,-1.1,-0.81
Teden Mengi,eng ENG,DF,Luton Town,21,2002,30,2469,82,72.2,27.4,28,86,25,2,34,3,0.73,1.35,2.15,-0.8,-0.8,0.24,1,2,-1,-1,-0.23
Chris Mepham,wls WAL,DF,Bournemouth,25,1997,10,617,62,18,6.9,6,83,5,4,31,14,1.6,1.88,2.32,-0.43,-0.44,-0.12,1.72,1.41,0.33,0.33,0.47
Jenson Metcalfe,eng ENG,MF,Everton,18,2004,0,,,,,0,,0,0,,4,,,,,,,,,,,
Lewis Miley,eng ENG,MF,Newcastle Utd,17,2006,17,1202,71,35.1,13.4,14,80,6,3,29,1,1.18,1.94,2.16,-0.22,-0.22,-1.28,1.68,2.25,-0.57,-0.57,-1.47
James Milner,eng ENG,"DF,MF",Brighton,37,1986,15,773,52,22.6,8.6,11,63,1,4,20,2,1.47,1.16,1.4,-0.23,-0.23,-0.06,1.67,1.41,0.26,0.26,0.29
Tyrone Mings,eng ENG,DF,Aston Villa,30,1993,1,30,30,0.9,0.3,1,30,0,0,,0,0,3.33,6.67,-3.33,-3,-3.42,1,3.67,-2.67,-2.43,-2.54
Tyrick Mitchell,eng ENG,"DF,MF",Crystal Palace,23,1999,37,3204,87,93.7,35.6,37,87,31,0,,0,1.32,1.46,1.54,-0.08,-0.08,-0.92,1.26,1.38,-0.11,-0.11,-0.38
Kaoru Mitoma,jp JPN,FW,Brighton,26,1997,19,1486,78,43.5,16.5,15,88,12,4,42,0,1.42,1.94,1.64,0.3,0.3,0.86,1.77,1.44,0.33,0.32,0.51
Aleksandar Mitrović,rs SRB,FW,Fulham,28,1994,1,33,33,1,0.4,0,,0,1,33,0,3,2.5,0,2.5,2.73,2.91,3,1.5,1.75,1.79,2.13
Jakub Moder,pl POL,"MF,DF",Brighton,24,1999,17,618,36,18.1,6.9,6,73,1,11,16,10,1.35,0.87,1.88,-1.01,-1.02,-1.02,1.12,1.87,-0.75,-0.75,-0.97
Gonzalo Montiel,ar ARG,DF,Nott'ham Forest,26,1997,14,801,57,23.4,8.9,8,77,2,6,32,10,1.29,1.46,1.24,0.22,0.22,0.91,1.52,1.25,0.27,0.26,0.46
Kieffer Moore,wls WAL,"FW,MF",Bournemouth,30,1992,8,108,14,3.2,1.2,0,,0,8,14,8,0.88,2.5,1.67,0.83,0.83,1.21,3.92,2.08,1.83,1.85,1.97
Mikey Moore,eng ENG,MF,Tottenham,15,2007,2,4,2,0.1,0,0,,0,2,2,3,1.5,0,0,0,0,-0.34,0,0.1,0,-0.37,-0.49
Diego Moreira,be BEL,"DF,MF",Chelsea,18,2004,0,,,,,0,,0,0,,1,,,,,,,,,,,
Álex Moreno,es ESP,DF,Aston Villa,30,1993,21,1031,49,30.1,11.5,11,80,5,10,16,4,1.67,2.09,1.74,0.35,0.35,-0.07,1.77,1.58,0.18,0.18,0.13
Carlton Morris,eng ENG,"FW,MF",Luton Town,27,1995,38,2862,75,83.7,31.8,32,86,22,6,21,0,0.68,1.26,2.26,-1.01,-1.01,-0.84,1.1,2.08,-0.98,-0.98,-0.29
Yerson Mosquera,co COL,DF,Wolves,22,2001,0,,,,,0,,0,0,,1,,,,,,,,,,,
Mason Mount,eng ENG,"MF,FW",Manchester Utd,24,1999,14,516,37,15.1,5.7,5,74,0,9,16,0,1.36,0.53,2.28,-1.75,-1.74,-2.02,1.23,1.81,-0.58,-0.58,-0.29
Fabian Mrozek,pl POL,GK,Liverpool,19,2003,0,,,,,0,,0,0,,1,,,,,,,,,,,
Divin Mubama,eng ENG,FW,West Ham,18,2004,5,80,16,2.3,0.9,0,,0,5,16,26,1.6,2.22,2.22,0,0,0.38,1.44,2.89,-1.44,-1.46,-0.99
Mykhailo Mudryk,ua UKR,FW,Chelsea,22,2001,31,1576,51,46.1,17.5,18,71,2,13,23,4,1.52,2.29,1.6,0.69,0.69,0.59,2.11,1.43,0.69,0.68,0.47
Rodrigo Muniz,br BRA,FW,Fulham,22,2001,26,1593,61,46.6,17.7,18,80,7,8,18,7,1.04,1.36,1.53,-0.17,-0.17,-0.02,1.44,1.47,-0.03,-0.04,0.53
Daniel Muñoz,co COL,"DF,MF",Crystal Palace,27,1996,16,1439,90,42.1,16,16,90,15,0,,0,1.56,2,1.38,0.63,0.63,1.13,1.41,1.21,0.2,0.2,0.5
Finley Munroe,eng ENG,MF,Aston Villa,18,2005,1,4,4,0.1,0,0,,0,1,4,2,0,0,0,0,0,-0.4,0,0,0,0,-0.09
Arijanet Muric,xk KVX,GK,Burnley,24,1998,10,900,90,26.3,10,10,90,10,0,,25,1,1.4,1.6,-0.2,-0.2,1.05,1.5,2.1,-0.59,-0.59,0.26
Murillo,br BRA,DF,Nott'ham Forest,21,2002,32,2789,87,81.5,31,32,87,28,0,,0,0.91,1.32,1.81,-0.48,-0.48,-0.06,1.35,1.38,-0.03,-0.03,0.3
Alex Murphy,ie IRL,"DF,FW",Newcastle Utd,19,2004,2,13,7,0.4,0.1,0,,0,2,7,17,3,0,0,0,0,-0.61,0,1,-1,-0.54,-0.93
Jacob Murphy,eng ENG,"FW,DF",Newcastle Utd,28,1995,21,1189,57,34.8,13.2,14,75,5,7,20,5,1.95,3.03,1.59,1.44,1.44,1.28,2.44,1.39,1.05,1.04,1.01
Vitaliy Mykolenko,ua UKR,DF,Everton,24,1999,28,2469,88,72.2,27.4,28,88,25,0,,4,1.32,1.09,1.35,-0.26,-0.26,0.12,1.41,1.46,-0.05,-0.05,-0.06
Marvelous Nakamba,zw ZIM,MF,Luton Town,29,1994,13,1130,87,33,12.6,13,87,10,0,,0,0.46,0.79,1.9,-1.11,-1.12,-0.37,1.02,2.04,-1.02,-1.02,-0.13
Amara Nallo,eng ENG,DF,Liverpool,16,2006,0,,,,,0,,0,0,,1,,,,,,,,,,,
Michael Ndiweni,eng ENG,FW,Newcastle Utd,19,2003,1,1,1,0,0,0,,0,1,1,0,3,0,0,0,0,-0.61,0,0,0,0,-0.38
Reiss Nelson,eng ENG,FW,Arsenal,23,1999,15,268,18,7.8,3,1,74,0,14,14,15,2.27,3.33,0.33,3,3.02,1.51,2.33,0.73,1.6,1.62,0.39
Zack Nelson,eng ENG,"MF,DF",Luton Town,18,2004,2,7,4,0.2,0.1,0,,0,2,4,14,0.5,10,10,0,0,0.87,2,11,-9,-13.13,-12.22
Neto,br BRA,GK,Bournemouth,34,1989,32,2880,90,84.2,32,32,90,32,0,,4,1.22,1.44,1.72,-0.28,-0.28,0.39,1.53,1.55,-0.02,-0.02,0.27
Pedro Neto,pt POR,"FW,MF",Wolves,23,2000,20,1516,76,44.3,16.8,18,83,12,2,12,1,1.4,1.31,1.61,-0.3,-0.3,0.18,1.3,1.75,-0.45,-0.45,0.18
Moussa Niakhate,sn SEN,DF,Nott'ham Forest,27,1996,21,1460,70,42.7,16.2,15,87,13,6,25,12,0.95,1.23,2.16,-0.93,-0.92,-0.79,1.36,1.57,-0.22,-0.22,-0.22
Eddie Nketiah,eng ENG,FW,Arsenal,24,1999,27,1082,40,31.6,12,10,78,3,17,18,11,2.15,2,0.83,1.17,1.16,-0.68,1.86,0.86,1.01,1,-0.39
Christopher Nkunku,fr FRA,"FW,MF",Chelsea,25,1997,11,443,40,13,4.9,2,71,0,9,34,1,2,2.45,2.45,0,0,-0.42,1.98,1.71,0.27,0.26,-0.19
Rhys Norrington-Davies,wls WAL,DF,Sheffield Utd,24,1999,5,110,22,3.2,1.2,2,27,0,3,19,1,0.8,0.83,5,-4.17,-4.09,-2.35,1.42,2.08,-0.58,-0.6,0.42
Oliver Norwood,nir NIR,MF,Sheffield Utd,32,1991,27,1440,53,42.1,16,16,82,12,11,11,9,0.44,0.75,2.94,-2.19,-2.19,-0.64,0.76,2.24,-1.48,-1.47,-0.81
Matheus Nunes,pt POR,MF,Wolves,24,1998,2,179,90,5.2,2,2,90,1,0,,0,0,0.5,2.5,-2,-2.01,-1.71,2.15,2.2,-0.05,-0.06,0.51
Matheus Nunes,pt POR,MF,Manchester City,24,1998,17,661,39,19.3,7.3,7,71,3,10,16,16,2.47,2.47,1.1,1.37,1.36,-0.33,2.08,0.95,1.12,1.12,-0.08
Darwin Núñez,uy URU,FW,Liverpool,24,1999,36,2047,57,59.9,22.7,22,79,9,14,21,1,2.19,2.11,1.1,1.01,1.01,-0.43,2.33,1.13,1.2,1.19,0.22
Ethan Nwaneri,eng ENG,FW,Arsenal,16,2007,1,14,14,0.4,0.2,0,,0,1,14,1,3,0,0,0,0,-1.64,0,0.5,-0.5,-0.69,-1.97
Trey Nyoni,eng ENG,MF,Liverpool,16,2007,0,,,,,0,,0,0,,2,,,,,,,,,,,
Christian Nørgaard,dk DEN,MF,Brentford,29,1994,31,2505,81,73.2,27.8,30,83,20,1,20,0,0.97,1.29,1.83,-0.54,-0.54,-1.13,1.45,1.56,-0.11,-0.11,-0.62
Lewis O'Brien,eng ENG,MF,Nott'ham Forest,24,1998,0,,,,,0,,0,0,,1,,,,,,,,,,,
Mark O'Mahony,ie IRL,FW,Brighton,18,2005,3,63,21,1.8,0.7,1,45,0,2,9,8,0.33,0,1.43,-1.43,-1.43,-1.27,1.14,1.57,-0.57,-0.52,-0.57
Tommi O'Reilly,eng ENG,MF,Aston Villa,19,2003,0,,,,,0,,0,0,,1,,,,,,,,,,,
Dara O'Shea,ie IRL,DF,Burnley,24,1999,33,2892,88,84.6,32.1,32,89,29,1,45,1,0.58,1.12,2.21,-1.09,-1.09,-0.75,1.08,1.95,-0.87,-0.87,-0.54
Michael Obafemi,ie IRL,"FW,MF",Burnley,23,2000,2,20,10,0.6,0.2,0,,0,2,10,4,1.5,5,0,5,4.5,5.51,2,0,2,1.78,2.58
Wilson Odobert,fr FRA,"MF,FW",Burnley,18,2004,29,2098,72,61.3,23.3,25,82,11,4,10,4,0.59,1.07,2.06,-0.99,-0.99,-0.03,1.09,2,-0.91,-0.91,-0.34
Odeluga Offiah,eng ENG,DF,Brighton,20,2002,4,128,32,3.7,1.4,1,73,0,3,18,4,0.25,0.71,2.14,-1.43,-1.41,-1.27,1.36,1.57,-0.21,-0.19,-0.24
Chiedozie Ogbene,ie IRL,"MF,DF",Luton Town,26,1997,30,1995,67,58.3,22.2,20,87,14,10,27,0,0.73,1.58,2.12,-0.54,-0.54,0.78,1.37,2.05,-0.67,-0.67,0.63
Angelo Ogbonna,it ITA,DF,West Ham,35,1988,11,635,58,18.6,7.1,7,83,5,4,13,27,1.82,1.69,1.97,-0.28,-0.28,0.1,1.73,2.21,-0.48,-0.48,0.02
Habeeb Ogunneye,eng ENG,DF,Manchester Utd,18,2005,0,,,,,0,,0,0,,7,,,,,,,,,,,
Temple Ojinnaka,it ITA,MF,Wolves,18,2005,0,,,,,0,,0,0,,1,,,,,,,,,,,
Wesley Okoduwa,eng ENG,FW,Wolves,15,2008,0,,,,,0,,0,0,,5,,,,,,,,,,,
Ademola Ola-Adebomi,eng ENG,FW,Crystal Palace,19,2004,0,,,,,0,,0,0,,3,,,,,,,,,,,
Michael Olakigbe,eng ENG,"DF,FW",Brentford,19,2004,8,59,7,1.7,0.7,0,,0,8,7,9,0.63,1.43,0,1.43,1.53,1.79,2.86,1.14,1.86,1.93,1.9
Michael Olise,fr FRA,"FW,MF",Crystal Palace,21,2001,19,1275,67,37.3,14.2,14,85,9,5,18,0,1.47,2.39,1.34,1.06,1.06,1.73,1.62,1.28,0.34,0.34,0.68
Robin Olsen,se SWE,GK,Aston Villa,33,1990,5,405,81,11.8,4.5,4,90,4,1,45,26,0.8,0.89,2.89,-2,-2,-2.72,1,2.24,-1.24,-1.25,-1.52
Andrew Omobamidele,ie IRL,DF,Nott'ham Forest,21,2002,11,783,71,22.9,8.7,8,90,8,3,21,8,0.73,1.38,1.72,-0.34,-0.34,0.17,1.25,1.36,-0.1,-0.11,-0.02
Amadou Onana,be BEL,MF,Everton,21,2001,30,2091,70,61.1,23.2,23,83,16,7,27,1,1.1,0.91,1.64,-0.73,-0.73,-1.14,1.44,1.57,-0.13,-0.14,-0.27
André Onana,cm CMR,GK,Manchester Utd,27,1996,38,3420,90,100,38,38,90,38,0,,0,1.58,1.5,1.53,-0.03,-0.03,,1.49,1.81,-0.33,-0.33,
Ryan One,sct SCO,FW,Sheffield Utd,17,2006,1,8,8,0.2,0.1,0,,0,1,8,3,0,0,20,-20,-22.5,-20.73,0,12,-12,-13.13,-12.15
Tyler Onyango,eng ENG,MF,Everton,20,2003,1,1,1,0,0,0,,0,1,1,4,0,0,0,0,0,0.29,0,0,0,0,0.03
Fred Onyedinma,eng ENG,"DF,MF",Luton Town,26,1996,8,407,51,11.9,4.5,4,76,0,4,26,1,0.5,1.33,3.11,-1.78,-1.77,-1.02,0.62,2.42,-1.8,-1.78,-0.96
Frank Onyeka,ng NGA,MF,Brentford,25,1998,26,1161,45,33.9,12.9,11,78,3,15,20,4,0.85,1.32,2.09,-0.78,-0.78,-0.82,1.77,1.68,0.09,0.09,0.04
Lewis Orford,eng ENG,MF,West Ham,17,2006,0,,,,,0,,0,0,,4,,,,,,,,,,,
Divock Origi,be BEL,FW,Nott'ham Forest,28,1995,20,606,30,17.7,6.7,6,57,0,14,19,7,0.6,0.6,0.9,-0.3,-0.3,0.21,1.43,1.4,0.01,0.02,0.13
Stefan Ortega,de GER,GK,Manchester City,30,1992,9,635,71,18.6,7.1,5,90,5,4,46,29,2.56,2.54,0.99,1.55,1.56,-0.09,1.93,1.06,0.87,0.88,-0.37
Ben Osborn,eng ENG,"DF,MF",Sheffield Utd,28,1994,24,1367,57,40,15.2,14,77,10,10,28,5,0.42,1.25,2.63,-1.38,-1.38,0.72,1.2,1.87,-0.66,-0.66,0.57
Gabriel Osho,ng NGA,DF,Luton Town,24,1998,21,1846,88,54,20.5,21,88,19,0,,1,0.81,1.51,2.29,-0.78,-0.78,0.19,1.13,2.13,-1,-1,-0.13
Detlef Osong,eng ENG,FW,Nott'ham Forest,18,2004,0,,,,,0,,0,0,,1,,,,,,,,,,,
William Osula,dk DEN,FW,Sheffield Utd,19,2003,21,786,37,23,8.7,9,60,1,12,20,9,0.29,0.46,2.64,-2.18,-2.18,-0.47,0.59,2.33,-1.75,-1.74,-0.95
Dango Ouattara,bf BFA,"FW,DF",Bournemouth,21,2002,30,1229,41,35.9,13.7,12,74,4,18,19,2,1.4,1.46,1.75,-0.29,-0.29,0.08,1.4,1.5,-0.09,-0.1,-0.06
David Ozoh,eng ENG,"MF,DF",Crystal Palace,18,2005,9,156,17,4.6,1.7,0,,0,9,17,15,1,1.18,2.94,-1.76,-1.73,-1.79,1.59,1.76,-0.18,-0.19,-0.11
João Palhinha,pt POR,MF,Fulham,28,1995,33,2699,82,78.9,30,31,86,18,2,23,0,1.06,1.43,1.53,-0.1,-0.1,0.27,1.24,1.62,-0.38,-0.38,-0.29
Cole Palmer,eng ENG,"FW,MF",Chelsea,21,2002,33,2607,79,76.2,29,29,86,14,4,26,0,1.7,2.28,1.59,0.69,0.69,1.35,2.02,1.56,0.46,0.46,0.13
Cole Palmer,eng ENG,MF,Manchester City,21,2002,1,11,11,0.3,0.1,0,,0,1,11,2,3,0,0,0,0,-1.64,1,1,1,0.62,-0.57
Emerson Palmieri,it ITA,DF,West Ham,28,1994,36,3137,87,91.7,34.9,35,88,29,1,45,0,1.42,1.66,1.92,-0.26,-0.26,1.33,1.36,1.93,-0.58,-0.58,-1.02
Lucas Paquetá,br BRA,"FW,MF",West Ham,25,1997,31,2622,85,76.7,29.1,31,85,15,0,,0,1.58,1.79,1.79,0,0,1.58,1.35,1.74,-0.39,-0.39,0.46
Ben Parkinson,eng ENG,FW,Newcastle Utd,18,2005,1,25,25,0.7,0.3,0,,0,1,25,8,0,0,3.33,-3.33,-3.6,-4.24,0.67,5.67,-5,-5.37,-5.8
Thomas Partey,gh GHA,"MF,DF",Arsenal,30,1993,14,788,56,23,8.8,9,79,4,5,16,3,2.71,2.27,0.57,1.7,1.71,0.11,1.74,0.95,0.78,0.79,-0.62
Nathan Patterson,sct SCO,DF,Everton,21,2001,20,1005,50,29.4,11.2,9,87,8,11,20,12,1.05,1.07,1.88,-0.8,-0.81,-0.73,1.55,1.78,-0.22,-0.22,-0.27
Myles Peart-Harris,eng ENG,"DF,MF",Brentford,20,2002,3,13,4,0.4,0.1,0,,0,3,4,6,1,0,0,0,0,0.24,7,1,6,4.42,4.38
Sydie Peck,eng ENG,MF,Sheffield Utd,18,2004,1,10,10,0.3,0.1,0,,0,1,10,1,3,0,0,0,0,1.82,2,1,1,1.06,2.07
Facundo Pellistri,uy URU,"FW,MF",Manchester Utd,21,2001,9,172,19,5,1.9,1,60,0,8,14,11,1.11,1.05,1.05,0,0,0.03,1.68,1.95,-0.26,-0.27,0.06
Andreas Pereira,br BRA,MF,Fulham,27,1996,37,2613,71,76.4,29,34,74,5,3,28,1,1.19,1.34,1.38,-0.03,-0.03,0.52,1.33,1.45,-0.12,-0.12,0.84
Ivan Perišić,hr CRO,FW,Tottenham,34,1989,5,103,21,3,1.1,0,,0,5,21,0,2.6,3.64,0.91,2.73,2.62,2.35,1.91,1.36,0.64,0.6,0.48
Máximo Perrone,ar ARG,MF,Manchester City,20,2003,0,,,,,0,,0,0,,1,,,,,,,,,,,
Đorđe Petrović,rs SRB,GK,Chelsea,23,1999,23,1987,86,58.1,22.1,22,90,22,1,7,12,1.91,2.31,1.72,0.59,0.59,0.53,2,1.55,0.45,0.45,0.04
Cameron Peupion,au AUS,MF,Brighton,20,2002,0,,,,,0,,0,0,,6,,,,,,,,,,,
Ashley Phillips,wls WAL,DF,Tottenham,18,2005,0,,,,,0,,0,0,,7,,,,,,,,,,,
Kalvin Phillips,eng ENG,MF,West Ham,27,1995,8,309,39,9,3.4,3,61,0,5,25,4,0.63,1.18,2.94,-1.76,-1.75,-1.52,1.06,2.03,-0.97,-0.95,-0.5
Kalvin Phillips,eng ENG,MF,Manchester City,27,1995,4,93,23,2.7,1,0,,0,4,23,16,2.25,3,2,1,0.97,-0.68,1.7,1.6,0.2,0.17,-1.04
Jaden Philogene Bidace,eng ENG,FW,Aston Villa,21,2002,1,4,4,0.1,0,0,,0,1,4,0,0,0,1,-1,-22.5,-22.92,0.3,0.6,-0.3,-5.72,-5.81
Jordan Pickford,eng ENG,GK,Everton,29,1994,38,3420,90,100,38,38,90,38,0,,0,1.26,1.05,1.34,-0.29,-0.29,,1.42,1.45,-0.03,-0.03,
Axel Piesold,eng ENG,MF,Luton Town,18,2005,0,,,,,0,,0,0,,9,,,,,,,,,,,
Ethan Pinnock,jm JAM,DF,Brentford,30,1993,29,2521,87,73.7,28,28,90,28,1,1,0,1.21,1.57,1.64,-0.07,-0.07,0.63,1.63,1.4,0.22,0.22,0.62
Marcelo Pitaluga,br BRA,GK,Liverpool,20,2002,0,,,,,0,,0,0,,1,,,,,,,,,,,
Luke Plange,eng ENG,FW,Crystal Palace,20,2002,0,,,,,0,,0,0,,3,,,,,,,,,,,
Nick Pope,eng ENG,GK,Newcastle Utd,31,1992,15,1345,90,39.3,14.9,15,90,14,0,,3,1.93,2.42,1.07,1.34,1.34,1.21,2.11,1.01,1.1,1.1,1.17
Pedro Porro,es ESP,DF,Tottenham,23,1999,35,3089,88,90.3,34.3,35,88,31,0,,1,1.77,1.92,1.57,0.35,0.35,0.08,1.8,1.69,0.12,0.12,-0.05
Dan Potts,eng ENG,DF,Luton Town,29,1994,0,,,,,0,,0,0,,4,,,,,,,,,,,
Sam Proctor,eng ENG,GK,Aston Villa,16,2006,0,,,,,0,,0,0,,3,,,,,,,,,,,
Jarell Quansah,eng ENG,DF,Liverpool,20,2003,17,1190,70,34.8,13.2,13,87,10,4,16,17,2.35,2.35,1.14,1.21,1.21,0.04,2.46,1.05,1.41,1.4,0.46
Ionuț Radu,ro ROU,GK,Bournemouth,26,1997,2,180,90,5.3,2,2,90,2,0,,11,1.5,1.5,3.5,-2,-2,-1.75,1,1.4,-0.4,-0.39,-0.35
Jesurun Rak Sakyi,eng ENG,"MF,FW",Crystal Palace,20,2002,6,136,23,4,1.5,0,,0,6,23,7,0.33,0.67,2,-1.33,-1.32,-1.35,1.6,2.07,-0.47,-0.47,-0.39
Aaron Ramsdale,eng ENG,GK,Arsenal,25,1998,6,540,90,15.8,6,6,90,6,0,,31,2.67,1.83,0.83,1,1,-0.75,1.85,0.97,0.88,0.89,-0.45
Aaron Ramsey,eng ENG,"MF,FW",Burnley,20,2003,14,527,38,15.4,5.9,5,68,0,9,21,3,0.36,0.68,2.88,-2.2,-2.22,-1.47,0.92,1.95,-1.03,-1.04,-0.31
Jacob Ramsey,eng ENG,"FW,MF",Aston Villa,22,2001,16,853,53,24.9,9.5,8,80,5,8,26,0,2.19,2.32,1.26,1.05,1.06,0.88,1.95,1.39,0.56,0.56,0.62
Darren Randolph,ie IRL,GK,Bournemouth,36,1987,0,,,,,0,,0,0,,1,,,,,,,,,,,
Marcus Rashford,eng ENG,FW,Manchester Utd,25,1997,33,2271,69,66.4,25.2,26,83,12,7,17,0,1.61,1.43,1.47,-0.04,-0.04,-0.04,1.36,1.89,-0.52,-0.52,-0.59
David Raya,es ESP,GK,Arsenal,27,1995,32,2880,90,84.2,32,32,90,32,0,,3,2.28,2.5,0.75,1.75,1.75,0.75,2.03,0.69,1.34,1.34,0.45
Jadan Raymond,wls WAL,MF,Crystal Palace,19,2003,0,,,,,0,,0,0,,2,,,,,,,,,,,
Tim Ream,us USA,DF,Fulham,35,1987,18,1503,84,43.9,16.7,17,87,15,1,16,13,1.22,1.44,1.74,-0.3,-0.3,-0.25,1.25,1.67,-0.42,-0.42,-0.18
Nathan Redmond,eng ENG,"FW,MF",Burnley,29,1994,12,142,12,4.2,1.6,0,,0,12,12,3,0.58,1.25,3.13,-1.88,-1.9,-0.97,1.69,2.37,-0.69,-0.68,0.1
Harrison Reed,eng ENG,MF,Fulham,28,1995,27,1325,49,38.7,14.7,15,78,6,12,13,10,1.52,1.5,1.56,-0.07,-0.07,0.15,1.27,1.69,-0.42,-0.42,-0.17
Sergio Reguilón,es ESP,DF,Manchester Utd,26,1996,9,412,46,12,4.6,4,83,1,5,16,5,1,0.87,1.52,-0.65,-0.66,-0.72,1.46,1.3,0.15,0.15,0.54
Sergio Reguilón,es ESP,DF,Brentford,26,1996,16,1118,70,32.7,12.4,14,77,6,2,18,0,1.19,1.69,1.69,0,0,0.35,1.24,1.53,-0.29,-0.29,-0.52
Gio Reyna,us USA,"FW,MF",Nott'ham Forest,20,2002,9,235,26,6.9,2.6,2,61,0,7,16,4,0.67,1.15,1.15,0,0,0.51,1.42,0.77,0.62,0.63,0.77
Rodrigo Ribeiro,pt POR,"MF,FW",Nott'ham Forest,18,2005,4,17,4,0.5,0.2,0,,0,4,4,8,1.25,0,0,0,0,0.48,0.5,0.5,0,-0.2,-0.11
Declan Rice,eng ENG,MF,Arsenal,24,1999,38,3225,85,94.3,35.8,37,87,29,1,24,0,2.34,2.35,0.78,1.56,1.56,-1.21,2,0.74,1.26,1.26,-0.18
Chris Richards,us USA,"DF,MF",Crystal Palace,23,2000,26,2094,81,61.2,23.3,23,90,23,3,8,9,1.46,1.85,1.63,0.21,0.21,0.62,1.33,1.39,-0.06,-0.06,0.08
Richarlison,br BRA,FW,Tottenham,26,1997,28,1491,53,43.6,16.6,18,74,6,10,15,1,1.82,2.23,1.08,1.14,1.15,1.43,1.82,1.54,0.27,0.27,0.26
Jaïro Riedewald,nl NED,"MF,FW",Crystal Palace,26,1996,9,235,26,6.9,2.6,2,77,0,7,12,20,2.33,0.77,1.15,-0.38,-0.38,-0.38,1.04,1.38,-0.35,-0.36,-0.29
Matt Ritchie,sct SCO,"FW,MF",Newcastle Utd,33,1989,13,128,10,3.7,1.4,0,,0,13,10,18,1.92,2.14,3.57,-1.43,-1.41,-2.09,2.36,3.07,-0.71,-0.71,-1.14
Connor Roberts,wls WAL,DF,Burnley,27,1995,14,823,59,24.1,9.1,8,88,6,6,20,5,0.64,0.77,2.42,-1.65,-1.64,-0.88,0.92,2.09,-1.18,-1.17,-0.5
Andrew Robertson,sct SCO,DF,Liverpool,29,1994,23,1693,74,49.5,18.8,18,86,14,5,28,0,2.04,2.29,1.17,1.12,1.12,-0.13,2.41,1.22,1.19,1.19,0.17
Antonee Robinson,us USA,DF,Fulham,25,1997,37,3265,88,95.5,36.3,37,88,32,0,,0,1.19,1.43,1.65,-0.22,-0.22,-1.38,1.32,1.68,-0.36,-0.36,-0.87
Jack Robinson,eng ENG,DF,Sheffield Utd,29,1993,34,2885,85,84.4,32.1,31,89,27,3,40,0,0.47,0.93,2.59,-1.65,-1.65,1.04,0.96,1.94,-0.98,-0.98,0.16
Marek Rodák,sk SVK,GK,Fulham,26,1996,0,,,0,0,0,,0,0,,37,1,2,2,0,,,,,,,
Kaden Rodney,eng ENG,"DF,MF",Crystal Palace,18,2004,0,,,,,0,,0,0,,2,,,,,,,,,,,
Rodri,es ESP,MF,Manchester City,27,1996,34,2931,86,85.7,32.6,34,86,27,0,,1,2.59,2.67,0.8,1.87,1.87,1.69,2.21,0.88,1.33,1.33,1.02
Jay Rodriguez,eng ENG,FW,Burnley,34,1989,21,822,39,24,9.1,7,80,4,14,19,14,0.62,1.21,1.98,-0.77,-0.77,0.27,1.02,1.47,-0.45,-0.45,0.44
Mads Roerslev,dk DEN,DF,Brentford,24,1999,34,1985,58,58,22.1,22,79,8,12,20,3,1.09,1.45,1.81,-0.36,-0.36,-0.3,1.46,1.69,-0.23,-0.23,-0.69
Morgan Rogers,eng ENG,"MF,FW",Aston Villa,21,2002,11,638,58,18.7,7.1,8,72,4,3,20,3,1.91,1.69,1.83,-0.14,-0.14,-0.66,1.13,2.01,-0.89,-0.89,-1.2
Cristian Romero,ar ARG,DF,Tottenham,25,1998,33,2790,85,81.6,31,33,85,30,0,,0,1.88,2.03,1.35,0.68,0.68,1.82,1.87,1.46,0.41,0.41,1.55
Joe Rothwell,eng ENG,MF,Bournemouth,28,1995,11,386,35,11.3,4.3,3,70,1,8,22,8,1.18,0.93,2.79,-1.86,-1.87,-1.72,0.93,2.6,-1.67,-1.68,-1.83
Pelly Ruddock Mpanzu,cd COD,MF,Luton Town,30,1993,27,1101,41,32.2,12.2,11,74,3,16,18,11,0.7,1.07,2.38,-1.31,-1.31,-0.65,0.9,2.37,-1.47,-1.47,-0.79
José Sá,pt POR,GK,Wolves,30,1993,35,3037,87,88.8,33.7,35,87,33,0,,0,1.23,1.39,1.72,-0.33,-0.33,0.61,1.26,1.79,-0.52,-0.52,0.26
Dominic Sadi,eng ENG,FW,Bournemouth,19,2003,1,1,1,0,0,0,,0,1,1,4,3,0,0,0,0,0.34,0,0,0,0,0.06
Charles Sagoe Jr,eng ENG,"FW,MF",Arsenal,19,2004,0,,,,,0,,0,0,,1,,,,,,,,,,,
Bukayo Saka,eng ENG,FW,Arsenal,21,2001,35,2919,83,85.4,32.4,35,83,17,0,,0,2.29,2.41,0.83,1.57,1.57,-0.4,2.05,0.77,1.27,1.27,0.04
Mohamed Salah,eg EGY,FW,Liverpool,31,1992,32,2534,79,74.1,28.2,28,87,22,4,27,0,2.09,2.09,1.06,1.03,1.03,-0.6,2.4,1.15,1.25,1.25,0.57
William Saliba,fr FRA,DF,Arsenal,22,2001,38,3420,90,100,38,38,90,38,0,,0,2.34,2.39,0.76,1.63,1.63,,2,0.73,1.27,1.27,
Albert Sambi Lokonga,be BEL,MF,Luton Town,23,1999,17,1303,77,38.1,14.5,16,80,8,1,19,0,0.76,1.52,2.14,-0.62,-0.62,0.4,1.39,1.74,-0.34,-0.35,0.95
Imari Samuels,eng ENG,DF,Brighton,20,2003,0,,,,,0,,0,0,,1,,,,,,,,,,,
Ishé Samuels-Smith,eng ENG,DF,Chelsea,17,2006,0,,,,,0,,0,0,,1,,,,,,,,,,,
Davinson Sánchez,co COL,DF,Tottenham,27,1996,1,77,77,2.3,0.9,0,,0,1,77,3,1,1.11,2.22,-1.11,-1.17,-1.55,0.78,2.44,-1.67,-1.8,-1.97
Robert Sánchez,es ESP,GK,Chelsea,25,1997,16,1433,90,41.9,15.9,16,90,15,0,,2,1.19,1.64,1.57,0.06,0.06,-0.53,1.9,1.49,0.41,0.41,-0.04
Jadon Sancho,eng ENG,"FW,MF",Manchester Utd,23,2000,3,79,26,2.3,0.9,0,,0,3,26,0,2,2.22,1.11,1.11,1.14,1.19,2.89,2.11,0.89,0.89,1.24
Ibrahim Sangaré,ci CIV,MF,Nott'ham Forest,25,1997,17,1035,61,30.3,11.5,13,73,4,4,20,7,0.88,1.04,1.39,-0.35,-0.35,0.18,1.21,1.3,-0.1,-0.1,-0.02
Yago Santiago,es ESP,"FW,MF",Tottenham,20,2003,0,,,,,0,,0,0,,3,,,,,,,,,,,
Andrey Santos,br BRA,MF,Chelsea,19,2004,0,,,,,0,,0,0,,1,,,,,,,,,,,
Andrey Santos,br BRA,MF,Nott'ham Forest,19,2004,1,8,8,0.2,0.1,0,,0,1,8,5,0,0,0,0,0,0.47,3,0,3,3.27,3.37
Pablo Sarabia,es ESP,"MF,FW",Wolves,31,1992,30,1745,58,51,19.4,20,77,5,10,20,7,1.33,1.6,1.39,0.21,0.21,1.23,1.39,1.59,-0.21,-0.21,0.71
Dovydas Sasnauskas,lt LTU,DF,Sheffield Utd,16,2007,0,,,,,0,,0,0,,2,,,,,,,,,,,
Calum Scanlon,eng ENG,MF,Liverpool,18,2005,0,,,,,0,,0,0,,2,,,,,,,,,,,
Oliver Scarles,eng ENG,MF,West Ham,17,2005,0,,,,,0,,0,0,,5,,,,,,,,,,,
Dane Scarlett,eng ENG,FW,Tottenham,19,2004,4,22,6,0.6,0.2,0,,0,4,6,4,3,5,0,5,4.09,3.77,6.5,0,6.5,5.24,5.14
Kevin Schade,de GER,"FW,MF",Brentford,21,2001,11,333,30,9.7,3.7,3,73,0,8,14,0,1.45,2.16,1.35,0.81,0.81,1.16,1.65,1,0.65,0.65,0.66
Fabian Schär,ch SUI,DF,Newcastle Utd,31,1991,36,3054,85,89.3,33.9,35,86,31,1,28,0,1.56,2.12,1.71,0.41,0.41,-1.8,1.88,1.69,0.18,0.18,-1.89
Jeffrey Schlupp,gh GHA,"FW,MF",Crystal Palace,30,1992,29,1352,47,39.5,15,17,70,2,12,14,3,1.34,0.8,1.67,-0.87,-0.87,-1.39,0.97,1.45,-0.48,-0.48,-0.65
Alex Scott,eng ENG,MF,Bournemouth,19,2003,23,1014,44,29.6,11.3,11,66,2,12,24,2,1.22,1.5,2.21,-0.71,-0.71,-0.52,1.53,1.5,0.03,0.02,0.11
Kristian Sekularac,ch SUI,MF,Fulham,19,2003,0,,,,,0,,0,0,,2,,,,,,,,,,,
Matz Sels,be BEL,GK,Nott'ham Forest,31,1992,16,1440,90,42.1,16,16,90,16,0,,0,1,1.38,1.69,-0.31,-0.31,0.28,1.52,1.26,0.26,0.26,0.61
Nélson Semedo,pt POR,"DF,MF",Wolves,29,1993,36,3084,86,90.2,34.3,36,86,27,0,,0,1.19,1.31,1.75,-0.44,-0.44,-0.44,1.22,1.78,-0.56,-0.56,-0.1
Antoine Semenyo,gh GHA,FW,Bournemouth,23,2000,33,2105,64,61.5,23.4,25,76,10,8,25,3,1.39,1.75,1.41,0.34,0.34,1.78,1.64,1.41,0.23,0.23,0.74
Marcos Senesi,ar ARG,DF,Bournemouth,26,1997,31,2242,72,65.6,24.9,26,83,17,5,16,1,1.13,1.49,1.77,-0.28,-0.28,0.18,1.53,1.59,-0.07,-0.07,-0.03
Femi Seriki,eng ENG,DF,Sheffield Utd,21,2002,0,,,,,0,,0,0,,12,,,,,,,,,,,
Teddy Sharman,eng ENG,GK,Chelsea,20,2003,0,,,,,0,,0,0,,1,,,,,,,,,,,
Luke Shaw,eng ENG,DF,Manchester Utd,28,1995,12,959,80,28,10.7,12,80,7,0,,0,1.83,1.5,1.21,0.28,0.28,0.43,1.85,1.8,0.04,0.04,0.51
James Shea,eng ENG,GK,Luton Town,32,1991,1,15,15,0.4,0.2,0,,0,1,15,13,0,0,0,0,0,0.87,1.5,2,-0.5,-0.6,0.34
Bernardo Silva,pt POR,"MF,FW",Manchester City,28,1994,33,2578,78,75.4,28.6,29,87,22,4,14,2,2.39,2.48,0.91,1.57,1.57,-0.25,2.14,0.96,1.18,1.18,-0.03
Fábio Silva,pt POR,FW,Wolves,21,2002,8,264,33,7.7,2.9,3,67,0,5,13,9,0.88,0.69,2.76,-2.07,-2.05,-1.79,1.21,2.59,-1.38,-1.38,-0.89
Thiago Silva,br BRA,DF,Chelsea,38,1984,31,2527,82,73.9,28.1,28,89,25,3,15,5,1.65,2.06,1.6,0.46,0.46,0.36,1.92,1.51,0.41,0.41,-0.1
Luis Sinisterra,co COL,"FW,MF",Bournemouth,24,1999,20,699,35,20.4,7.8,7,59,0,13,22,4,1.35,1.54,2.31,-0.77,-0.77,-0.54,1.76,1.46,0.28,0.29,0.44
Oliver Skipp,eng ENG,"MF,DF",Tottenham,22,2000,21,707,34,20.7,7.9,5,73,1,16,21,10,1.9,1.9,2.15,-0.25,-0.25,-0.75,1.86,2.15,-0.29,-0.3,-0.53
Adam Smith,eng ENG,DF,Bournemouth,32,1991,28,2150,77,62.9,23.9,25,85,15,3,12,6,1.61,1.63,1.38,0.25,0.25,1.6,1.57,1.32,0.25,0.25,0.83
Emile Smith Rowe,eng ENG,MF,Arsenal,23,2000,13,353,27,10.3,3.9,3,76,0,10,13,18,2.23,3.08,0.77,2.31,2.29,0.74,2,0.51,1.49,1.47,0.22
Cédric Soares,pt POR,DF,Arsenal,31,1991,3,62,21,1.8,0.7,0,,0,3,21,15,3,1.43,0,1.43,1.45,-0.18,1.29,0.71,0.57,0.62,-0.66
Dominic Solanke,eng ENG,FW,Bournemouth,25,1997,38,3325,88,97.2,36.9,37,89,28,1,32,0,1.26,1.38,1.65,-0.27,-0.27,2.57,1.43,1.49,-0.07,-0.07,-0.35
Manor Solomon,il ISR,FW,Tottenham,24,1999,5,199,40,5.8,2.2,2,73,0,3,18,2,2.6,2.73,0.91,1.82,1.81,1.56,2.14,0.82,1.32,1.31,1.26
Tomáš Souček,cz CZE,MF,West Ham,28,1995,37,2870,78,83.9,31.9,34,83,25,3,16,0,1.32,1.6,2.01,-0.41,-0.41,-0.24,1.42,1.94,-0.52,-0.52,-0.18
Vinicius Souza,br BRA,MF,Sheffield Utd,24,1999,36,2668,74,78,29.6,29,84,20,7,32,2,0.44,0.91,2.7,-1.79,-1.79,0.13,0.95,2.05,-1.1,-1.1,-0.42
Jay Stansfield,eng ENG,"FW,MF",Fulham,20,2002,0,,,,,0,,0,0,,1,,,,,,,,,,,
Jason Steele,eng ENG,GK,Brighton,32,1990,17,1530,90,44.7,17,17,90,17,0,,21,1.12,1.41,2,-0.59,-0.59,-0.73,1.67,1.46,0.21,0.2,0.3
Raheem Sterling,eng ENG,"FW,MF",Chelsea,28,1994,31,1978,64,57.8,22,22,82,9,9,20,3,1.48,1.86,1.73,0.14,0.14,-0.55,1.85,1.48,0.37,0.37,-0.15
John Stones,eng ENG,"DF,MF",Manchester City,29,1994,16,1064,67,31.1,11.8,12,83,9,4,17,11,2.38,2.12,0.76,1.36,1.35,-0.4,1.93,1.04,0.88,0.88,-0.44
Thomas Strakosha,al ALB,GK,Brentford,28,1995,2,135,68,3.9,1.5,1,90,1,1,45,32,1.5,2,1.33,0.67,0.67,0.94,0.93,1.07,-0.13,-0.16,-0.23
Zak Sturge,eng ENG,DF,Chelsea,19,2004,0,,,,,0,,0,0,,1,,,,,,,,,,,
Ronnie Stutter,eng ENG,FW,Chelsea,18,2005,0,,,,,0,,0,0,,1,,,,,,,,,,,
Mahamadou Susoho,es ESP,MF,Manchester City,18,2005,0,,,,,0,,0,0,,6,,,,,,,,,,,
James Sweet,wls WAL,DF,Arsenal,19,2003,0,,,,,0,,0,0,,1,,,,,,,,,,,
Dominik Szoboszlai,hu HUN,MF,Liverpool,22,2000,33,2104,64,61.5,23.4,25,79,12,8,15,0,2.12,1.79,0.98,0.81,0.81,-0.97,2.16,1.09,1.07,1.07,-0.09
Devan Tanton,co COL,DF,Fulham,19,2004,0,,,,,0,,0,0,,1,,,,,,,,,,,
Matt Targett,eng ENG,DF,Newcastle Utd,27,1995,3,78,26,2.3,0.9,1,73,0,2,3,8,0.33,0,4.44,-4.44,-4.62,-5.34,1.22,1.78,-0.56,-0.55,-0.96
James Tarkowski,eng ENG,DF,Everton,30,1992,38,3419,90,100,38,38,90,37,0,,0,1.26,1.05,1.34,-0.29,-0.29,-0.29,1.42,1.44,-0.02,-0.02,29.83
Jimi Tauriainen,eng ENG,FW,Chelsea,19,2004,1,1,1,0,0,0,,0,1,1,4,3,0,0,0,0,-0.37,0,0,0,-2.63,-3.06
Nuno Tavares,pt POR,DF,Nott'ham Forest,23,2000,8,457,57,13.4,5.1,5,80,4,3,20,5,1.13,1.57,1.76,-0.2,-0.2,0.32,1.31,1.02,0.29,0.3,0.45
Marcus Tavernier,eng ENG,FW,Bournemouth,24,1999,30,2118,71,61.9,23.5,25,78,7,5,33,0,1.33,1.57,1.62,-0.04,-0.04,0.79,1.47,1.36,0.11,0.11,0.43
Charlie Taylor,eng ENG,DF,Burnley,29,1993,28,2331,83,68.2,25.9,25,88,22,3,40,2,0.75,1.2,1.78,-0.58,-0.58,1.24,1.03,1.71,-0.68,-0.68,0.31
Kenny Tete,nl NED,DF,Fulham,27,1995,14,867,62,25.4,9.6,10,82,5,4,13,14,1.07,1.46,2.19,-0.73,-0.73,-0.76,0.99,2.28,-1.29,-1.28,-1.29
Luke Thomas,eng ENG,DF,Sheffield Utd,22,2001,12,917,76,26.8,10.2,11,81,7,1,23,4,0.42,0.49,2.84,-2.35,-2.36,-0.74,0.77,2.14,-1.36,-1.36,-0.49
Youri Tielemans,be BEL,"MF,FW",Aston Villa,26,1997,32,1622,51,47.4,18,17,77,6,15,21,0,1.91,2.22,1.5,0.72,0.72,0.62,1.86,1.69,0.17,0.17,0.15
Jurriën Timber,nl NED,DF,Arsenal,22,2001,2,71,36,2.1,0.8,1,49,0,1,22,0,3,3.75,0,3.75,3.8,2.22,2.37,0.37,2,2,0.74
Harry Toffolo,eng ENG,DF,Nott'ham Forest,27,1995,23,1459,63,42.7,16.2,15,88,12,8,18,9,0.91,1.11,1.79,-0.68,-0.68,-0.36,1.27,1.48,-0.2,-0.21,-0.21
Takehiro Tomiyasu,jp JPN,DF,Arsenal,24,1998,22,1149,52,33.6,12.8,10,85,7,12,25,1,2.41,2.34,0.78,1.56,1.57,-0.1,1.91,0.95,0.96,0.96,-0.47
James Tomkins,eng ENG,DF,Crystal Palace,34,1989,4,10,3,0.3,0.1,0,,0,4,3,24,2.25,0,20,-20,-18,-18.03,1,8,-7,-7.21,-7.14
Sandro Tonali,it ITA,MF,Newcastle Utd,23,2000,8,438,55,12.8,4.9,5,74,1,3,22,1,1.63,2.24,1.02,1.22,1.23,0.72,2.06,1.29,0.78,0.78,0.45
Ivan Toney,eng ENG,FW,Brentford,27,1996,17,1450,85,42.4,16.1,16,90,16,1,10,1,0.82,1.24,1.86,-0.62,-0.62,-0.67,1.24,1.75,-0.51,-0.51,-0.98
Pau Torres,es ESP,DF,Aston Villa,26,1997,29,2464,85,72,27.4,27,88,25,2,45,5,2.07,2.08,1.35,0.73,0.73,1.2,1.69,1.46,0.24,0.24,0.53
Andros Townsend,eng ENG,"MF,FW",Luton Town,32,1991,27,1210,45,35.4,13.4,14,67,1,13,21,3,0.78,1.19,2.01,-0.82,-0.82,0.08,0.82,1.9,-1.07,-1.07,-0.21
James Trafford,eng ENG,GK,Burnley,20,2002,28,2520,90,73.7,28,28,90,28,0,,8,0.5,0.96,2.21,-1.25,-1.25,-1.05,0.91,1.76,-0.85,-0.85,-0.26
Adama Traoré,es ESP,"FW,MF",Fulham,27,1996,17,377,22,11,4.2,1,78,0,16,19,2,1.06,2.62,3.1,-0.48,-0.48,-0.36,1.62,2.83,-1.21,-1.21,-1
Bénie Traoré,ci CIV,"FW,MF",Sheffield Utd,20,2002,8,387,48,11.3,4.3,3,86,1,5,26,11,0.13,0.47,3.02,-2.56,-2.56,-0.84,0.72,2.67,-1.95,-1.96,-1.08
Bertrand Traoré,bf BFA,"DF,FW",Aston Villa,27,1995,2,11,6,0.3,0.1,0,,0,2,6,6,3,0,0,0,0,-0.4,0,7,-7,-5.8,-5.91
Boubacar Traoré,ml MLI,MF,Wolves,21,2001,24,819,34,23.9,9.1,7,78,5,17,16,9,1,0.99,2.53,-1.54,-1.54,-1.5,1.02,2.05,-1.04,-1.04,-0.64
Mark Travers,ie IRL,GK,Bournemouth,24,1999,4,360,90,10.5,4,4,90,4,0,,25,1.5,1.25,1.25,0,0,0.38,1.25,1.48,-0.23,-0.23,-0.19
Mike Trésor,be BEL,"FW,MF",Burnley,24,1999,16,420,26,12.3,4.7,3,62,0,13,18,9,0.63,0.85,2.13,-1.28,-1.29,-0.36,0.77,2.13,-1.36,-1.37,-0.67
Ryan Trevitt,eng ENG,MF,Brentford,20,2003,0,,,,,0,,0,0,,2,,,,,,,,,,,
Kieran Trippier,eng ENG,DF,Newcastle Utd,32,1990,28,2236,80,65.4,24.8,26,86,21,2,6,0,1.46,1.98,1.73,0.24,0.24,-1.05,1.82,1.59,0.23,0.23,-0.46
Leandro Trossard,be BEL,"FW,MF",Arsenal,28,1994,34,1649,49,48.2,18.3,18,72,3,16,22,3,2.32,2.46,0.55,1.91,1.91,0.54,2.04,0.74,1.3,1.3,0.05
Auston Trusty,us USA,DF,Sheffield Utd,24,1998,32,2572,80,75.2,28.6,28,89,24,4,21,6,0.38,0.77,2.83,-2.06,-2.06,-1,0.95,1.88,-0.93,-0.93,0.31
Kostas Tsimikas,gr GRE,DF,Liverpool,27,1996,13,679,52,19.9,7.5,8,79,6,5,9,17,2.15,2.13,0.93,1.2,1.19,0.01,1.91,1.12,0.77,0.77,-0.41
Matt Turner,us USA,GK,Nott'ham Forest,29,1994,17,1530,90,44.7,17,17,90,17,0,,20,1.11,1.41,1.71,-0.29,-0.29,0.32,1.21,1.5,-0.29,-0.29,-0.36
Destiny Udogie,it ITA,DF,Tottenham,20,2002,28,2391,85,69.9,26.6,28,85,21,0,,0,1.93,2.11,1.5,0.6,0.6,0.86,1.82,1.59,0.22,0.22,0.32
Lesley Ugochukwu,fr FRA,MF,Chelsea,19,2004,12,301,25,8.8,3.3,3,72,1,9,9,5,1.5,0.91,1.82,-0.91,-0.9,-1.39,2.06,2.27,-0.21,-0.21,-0.7
Hwang Ui-jo,kr KOR,"FW,MF",Nott'ham Forest,30,1992,0,,,,,0,,0,0,,2,,,,,,,,,,,
Franco Umeh-Chibueze,ie IRL,MF,Crystal Palace,18,2005,0,,,,,0,,0,0,,5,,,,,,,,,,,
Enes Ünal,tr TUR,"FW,MF",Bournemouth,26,1997,16,328,21,9.6,3.6,2,67,0,14,14,0,1.31,3.06,2.5,0.56,0.55,0.99,2.14,1.22,0.92,0.9,1.06
Hákon Valdimarsson,is ISL,GK,Brentford,21,2001,0,,,,,0,,0,0,,4,,,,,,,,,,,
Virgil van Dijk,nl NED,DF,Liverpool,32,1991,36,3177,88,92.9,35.3,36,88,35,0,,0,2.11,2.21,1.13,1.08,1.08,-1.52,2.33,1.22,1.11,1.11,0.01
Raphaël Varane,fr FRA,DF,Manchester Utd,30,1993,22,1375,63,40.2,15.3,16,81,12,6,12,4,1.91,1.63,1.5,0.13,0.13,0.26,1.65,1.8,-0.15,-0.15,0.3
Alejo Véliz,ar ARG,FW,Tottenham,19,2003,8,50,6,1.5,0.6,0,,0,8,6,5,1.88,5,3.33,1.67,1.8,1.48,3.5,3,0.33,0.45,0.33
Joël Veltman,nl NED,DF,Brighton,31,1992,27,1588,59,46.4,17.6,17,80,13,10,22,2,1.3,1.59,1.82,-0.23,-0.23,-0.08,1.34,1.45,-0.11,-0.11,-0.28
Micky van de Ven,nl NED,DF,Tottenham,22,2001,27,2339,87,68.4,26,27,87,23,0,,1,1.85,1.81,1.46,0.35,0.35,0.01,1.68,1.47,0.21,0.21,0.26
Bart Verbruggen,nl NED,GK,Brighton,20,2002,21,1890,90,55.3,21,21,90,21,0,,17,1.38,1.48,1.33,0.14,0.14,0.73,1.35,1.45,-0.1,-0.1,-0.3
Guglielmo Vicario,it ITA,GK,Tottenham,26,1996,38,3420,90,100,38,38,90,38,0,,0,1.74,1.95,1.61,0.34,0.34,,1.79,1.67,0.13,0.13,
Fabio Vieira,pt POR,"MF,FW",Arsenal,23,2000,11,297,27,8.7,3.3,2,62,0,9,19,13,2.36,3.33,0.61,2.73,2.73,1.2,2.48,0.55,1.94,1.94,0.74
Lawrence Vigouroux,cl CHI,GK,Burnley,29,1993,0,,,,,0,,0,0,,5,,,,,,,,,,,
Carlos Vinícius,br BRA,FW,Fulham,28,1995,13,315,24,9.2,3.5,2,61,0,11,18,7,1.23,1.71,1.43,0.29,0.29,0.49,1.86,1.23,0.63,0.63,1.05
João Virgínia,pt POR,GK,Everton,23,1999,0,,,,,0,,0,0,,38,,,,,,,,,,,
Radek Vítek,,GK,Manchester Utd,19,2003,0,,,,,0,,0,0,,1,,,,,,,,,,,
Vitinho,br BRA,"DF,MF",Burnley,24,1999,32,2314,72,67.7,25.7,26,85,16,6,20,2,0.63,1.21,1.71,-0.51,-0.51,1.45,1.14,1.79,-0.65,-0.65,0.4
Odysseas Vlachodimos,gr GRE,GK,Nott'ham Forest,29,1994,5,450,90,13.2,5,5,90,5,0,,14,0.6,1.2,2.4,-1.2,-1.2,-0.84,0.98,1.5,-0.52,-0.53,-0.51
Kyle Walker,eng ENG,DF,Manchester City,33,1990,32,2767,86,80.9,30.7,30,89,27,2,52,3,2.34,2.54,0.94,1.6,1.59,-0.2,2.12,0.96,1.16,1.16,-0.12
Reuell Walters,eng ENG,DF,Arsenal,18,2004,0,,,,,0,,0,0,,8,,,,,,,,,,,
Aaron Wan-Bissaka,cd COD,DF,Manchester Utd,25,1997,22,1780,81,52,19.8,20,88,16,2,11,3,1.32,1.52,1.72,-0.2,-0.2,-0.37,1.28,1.91,-0.64,-0.64,-0.65
Joel Ward,eng ENG,DF,Crystal Palace,33,1989,26,1980,76,57.9,22,23,85,19,3,6,5,1.19,1.05,1.55,-0.5,-0.5,-1.12,1.18,1.36,-0.18,-0.18,-0.21
James Ward-Prowse,eng ENG,MF,West Ham,28,1994,37,3001,81,87.7,33.3,34,86,28,3,23,0,1.38,1.56,1.95,-0.39,-0.39,-0.18,1.35,1.88,-0.53,-0.53,-0.31
Lewis Warrington,eng ENG,FW,Everton,20,2002,1,1,1,0,0,0,,0,1,1,7,3,0,0,0,0,0.29,0.3,0,0.3,28,28.04
Deivid Washington,br BRA,"DF,FW",Chelsea,18,2005,2,13,7,0.4,0.1,0,,0,2,7,17,1.5,10,10,0,0,-0.37,9,17,-8,-5.42,-5.87
Ollie Watkins,eng ENG,FW,Aston Villa,27,1995,37,3217,87,94.1,35.7,37,87,27,0,,0,1.84,2.02,1.57,0.45,0.45,0.89,1.7,1.54,0.16,0.16,1.16
Adam Webster,eng ENG,DF,Brighton,28,1995,15,1144,76,33.5,12.7,13,85,11,2,18,12,1.13,1.26,1.73,-0.47,-0.47,-0.43,1.72,1.38,0.35,0.35,0.47
Danny Welbeck,eng ENG,"FW,MF",Brighton,32,1990,29,1693,58,49.5,18.8,21,70,4,8,28,1,1.21,1.33,1.49,-0.16,-0.16,0.05,1.64,1.47,0.17,0.17,0.27
Maxwell Wellings,eng ENG,DF,Bournemouth,18,2005,0,,,,,0,,0,0,,7,,,,,,,,,,,
Timo Werner,de GER,FW,Tottenham,27,1996,13,809,62,23.7,9,10,76,2,3,16,0,1.62,2,1.78,0.22,0.22,-0.16,1.91,1.28,0.64,0.64,0.67
Adam Wharton,eng ENG,MF,Crystal Palace,19,2004,16,1297,81,37.9,14.4,15,82,6,1,63,0,1.56,1.88,1.11,0.76,0.76,1.27,1.38,1.22,0.16,0.16,0.4
Ethan Wheatley,eng ENG,FW,Manchester Utd,17,2006,3,16,5,0.5,0.2,0,,0,3,5,2,1,0,0,0,0,0.03,0.5,1.5,-1,-1.29,-0.97
Ben White,eng ENG,DF,Arsenal,25,1997,37,2988,81,87.4,33.2,35,85,27,2,7,0,2.32,2.44,0.78,1.66,1.66,0.2,2.03,0.74,1.29,1.29,0.13
Joe White,eng ENG,MF,Newcastle Utd,20,2002,4,13,3,0.4,0.1,0,,0,4,3,10,1,20,0,20,13.85,13.29,10,2,8,5.51,5.14
Alfie Whiteman,eng ENG,GK,Tottenham,24,1998,0,,,,,0,,0,0,,1,,,,,,,,,,,
Matthew Whittingham,eng ENG,MF,Wolves,18,2004,0,,,,,0,,0,0,,1,,,,,,,,,,,
Joseph Whitworth,eng ENG,GK,Crystal Palace,19,2004,0,,,,,0,,0,0,,1,,,,,,,,,,,
Neco Williams,wls WAL,DF,Nott'ham Forest,22,2001,26,1637,63,47.9,18.2,18,85,14,8,13,5,0.92,1.26,1.81,-0.55,-0.55,-0.15,1.41,1.26,0.15,0.15,0.45
Willian,br BRA,FW,Fulham,34,1988,31,2053,66,60,22.8,24,77,9,7,29,2,1.29,1.49,1.23,0.26,0.26,1.05,1.49,1.53,-0.04,-0.04,0.69
Joe Willock,eng ENG,MF,Newcastle Utd,23,1999,9,419,47,12.3,4.7,5,67,0,4,22,0,1.56,1.28,1.91,-0.64,-0.64,-1.42,1.21,1.68,-0.47,-0.48,-0.98
Callum Wilson,eng ENG,FW,Newcastle Utd,31,1992,20,991,50,29,11,9,80,5,11,25,0,1.65,2.73,1.36,1.36,1.36,1.07,2.2,1.12,1.08,1.08,0.98
Harry Wilson,wls WAL,FW,Fulham,26,1997,35,1620,46,47.4,18,16,76,5,19,22,1,1.26,1.17,1.67,-0.5,-0.5,-0.65,1.14,1.78,-0.64,-0.64,-0.61
Yoane Wissa,cd COD,FW,Brentford,26,1996,34,2493,73,72.9,27.7,29,81,9,5,30,0,0.97,1.44,1.44,0,0,0.87,1.54,1.36,0.17,0.17,0.43
Chris Wood,nz NZL,FW,Nott'ham Forest,31,1991,31,1812,58,53,20.1,20,83,13,11,14,0,0.94,1.39,1.69,-0.3,-0.3,0.37,1.46,1.32,0.14,0.14,0.49
Cauley Woodrow,eng ENG,"FW,MF",Luton Town,28,1994,24,427,18,12.5,4.7,2,62,0,22,14,8,0.63,2.13,2.34,-0.21,-0.21,0.75,1.66,2.45,-0.79,-0.78,0.18
Joe Worrall,eng ENG,DF,Nott'ham Forest,26,1997,7,439,63,12.8,4.9,5,85,3,2,7,7,1.57,1.43,1.63,-0.2,-0.21,0.31,1.04,1.47,-0.43,-0.44,-0.4
Jacob Wright,eng ENG,MF,Manchester City,17,2005,0,,,,,0,,0,0,,1,,,,,,,,,,,
James Wright,eng ENG,GK,Aston Villa,18,2004,0,,,,,0,,0,0,,3,,,,,,,,,,,
Yehor Yarmoliuk,ua UKR,MF,Brentford,19,2004,27,688,25,20.1,7.6,6,61,0,21,15,11,1.19,1.71,1.18,0.53,0.52,0.95,1.86,1.25,0.61,0.6,0.68
Ryan Yates,eng ENG,MF,Nott'ham Forest,25,1997,35,1992,57,58.2,22.1,21,83,14,14,18,2,1,1.4,1.72,-0.32,-0.32,0.38,1.26,1.45,-0.19,-0.19,-0.24
Ashley Young,eng ENG,"DF,MF",Everton,38,1985,31,2280,74,66.7,25.3,27,81,14,4,21,1,1.32,1.11,1.26,-0.16,-0.16,0.39,1.44,1.31,0.13,0.13,0.49
Kadan Young,eng ENG,MF,Aston Villa,17,2006,0,,,,,0,,0,0,,1,,,,,,,,,,,
Illia Zabarnyi,ua UKR,DF,Bournemouth,20,2002,37,3330,90,97.4,37,37,90,37,0,,0,1.22,1.38,1.81,-0.43,-0.43,-3.43,1.46,1.55,-0.09,-0.09,-1.07
Nicolò Zaniolo,it ITA,"FW,MF",Aston Villa,24,1999,25,839,34,24.5,9.3,9,61,0,16,18,5,1.6,1.83,1.4,0.43,0.43,0.05,1.41,1.58,-0.17,-0.18,-0.35
Anass Zaroury,ma MAR,"FW,MF",Burnley,22,2000,6,152,25,4.4,1.7,1,67,0,5,17,7,0.17,1.18,2.35,-1.18,-1.18,-0.22,1.06,1.65,-0.65,-0.64,0.15
Oleksandr Zinchenko,ua UKR,DF,Arsenal,26,1996,27,1722,64,50.4,19.1,20,79,7,7,21,5,2.26,1.99,0.79,1.2,1.2,-0.87,2.02,0.63,1.38,1.38,0.22
Kurt Zouma,fr FRA,DF,West Ham,28,1994,33,2838,86,83,31.5,32,88,29,1,31,1,1.39,1.68,2,-0.32,-0.32,0.3,1.38,1.88,-0.5,-0.5,-0.03
Oliwier Zych,pl POL,GK,Aston Villa,19,2004,0,,,,,0,,0,0,,1,,,,,,,,,,,
Martin Ødegaard,no NOR,MF,Arsenal,24,1998,35,3091,88,90.4,34.3,35,88,22,0,,1,2.37,2.36,0.67,1.69,1.69,0.59,2,0.73,1.27,1.27,0.04
